company,title,location,job_url,site,source,age_posted,age_days,requires_sponsorship,requires_citizenship,is_closed,is_faang,requires_advanced_degree,job_type,description,date_posted,collected_at
Citizen Health,Early Career Software Engineer,"SFSan Mateo, CA",https://jobs.ashbyhq.com/Citizen%20Health/6157ab51-0fc9-4ad8-90ea-8e87e2a95eef/application?utm_source=Simplify&ref=Simplify,github,SimplifyJobs-GitHub,0d,0.0,True,False,False,False,False,fulltime,New graduate position at Citizen Health. Visa sponsorship may be available. ,2025-11-07,2025-11-07T10:09:52.005468
Businessolver,Java Software Engineer I - Remote within the USA,Remote in USA,https://www.businessolver.com/careers/openings/?gh_jid=7358032&utm_source=Simplify&ref=Simplify,github,SimplifyJobs-GitHub,0d,0.0,True,False,False,False,False,fulltime,New graduate position at Businessolver. Visa sponsorship may be available. ,2025-11-07,2025-11-07T10:09:52.005507
Okta,Software Engineer I â€“ New Grad,"Toronto, ON, Canada",https://www.okta.com/company/careers/opportunity/6209884?gh_jid=6209884&utm_source=Simplify&ref=Simplify,github,SimplifyJobs-GitHub,0d,0.0,True,False,False,False,False,fulltime,New graduate position at Okta. Visa sponsorship may be available. ,2025-11-07,2025-11-07T10:09:52.005532
Intuit,Software Engineer 1,"Mountain View, CA",https://jobs.intuit.com/job/mountain-view/software-engineer-1/27595/88102807904?utm_source=Simplify&ref=Simplify,github,SimplifyJobs-GitHub,1d,1.0,True,False,False,False,False,fulltime,New graduate position at Intuit. Visa sponsorship may be available. ,2025-11-07,2025-11-07T10:09:52.005554
Truist Bank,Software Engineer 1 - Finance Technology Data & Reporting,"Charlotte, NCGreensboro, NC",https://truist.wd1.myworkdayjobs.com/en-US/Careers/job/Greensboro-NC/Software-Engineer-I---Finance-Technology-Data---Reporting_R0108028-1?utm_source=Simplify&ref=Simplify,github,SimplifyJobs-GitHub,1d,1.0,True,False,False,False,False,fulltime,New graduate position at Truist Bank. Visa sponsorship may be available. ,2025-11-07,2025-11-07T10:09:52.005577
RTX,Software Engineer 1 - Software Engineering,"McKinney, TX",https://globalhr.wd5.myworkdayjobs.com/rec_rtx_ext_gateway/job/TX190-2501-West-University-McKinney-2501-West-University---McKinney-TX-75070-USA/XMLNAME-2026-Full-time---Software-Engineer-I---Onsite--TX-_01804717?utm_source=Simplify&ref=Simplify,github,SimplifyJobs-GitHub,1d,1.0,True,False,False,False,False,fulltime,New graduate position at RTX. Visa sponsorship may be available. ,2025-11-07,2025-11-07T10:09:52.005599
ðŸ”¥ Visa,Graduate Software Engineer,"Reading, United Kingdom",https://jobs.smartrecruiters.com/Visa/615efbc7-5ef9-4dc3-b65a-cf364e55674e?dcr_ci=Visa&utm_source=Simplify&ref=Simplify,github,SimplifyJobs-GitHub,1d,1.0,True,False,False,False,False,fulltime,New graduate position at ðŸ”¥ Visa. Visa sponsorship may be available. ,2025-11-07,2025-11-07T10:09:52.005634
Warp,Software Engineer,Remote in USARemote in Canada,https://job-boards.greenhouse.io/warp/jobs/4324888004?utm_source=Simplify&ref=Simplify,github,SimplifyJobs-GitHub,1d,1.0,True,False,False,False,False,fulltime,New graduate position at Warp. Visa sponsorship may be available. ,2025-11-07,2025-11-07T10:09:52.005654
General Dynamics Mission Systems,Software Engineer â€“ Entry Level,"Scottsdale, AZ",https://careers-gdms.icims.com/jobs/68913/software-engineer-%E2%80%93-entry-level/job?utm_source=Simplify&ref=Simplify,github,SimplifyJobs-GitHub,1d,1.0,True,True,False,False,False,fulltime,New graduate position at General Dynamics Mission Systems. US Citizenship required. Visa sponsorship may be available. ,2025-11-07,2025-11-07T10:09:52.005675
Genuine Parts Company,Cloud Engineer I,"Birmingham, AL",https://genpt.wd1.myworkdayjobs.com/en-US/careers/job/Birmingham-AL-USA/Cloud-Engineer-I_R25_0000038435?utm_source=Simplify&ref=Simplify,github,SimplifyJobs-GitHub,1d,1.0,True,False,False,False,False,fulltime,New graduate position at Genuine Parts Company. Visa sponsorship may be available. ,2025-11-07,2025-11-07T10:09:52.005693
TD Bank,Software Engineer I -,"Toronto, ON, Canada",https://td.wd3.myworkdayjobs.com/TD_Bank_Careers/job/Toronto-Ontario/Software-Engineer-I_R_1453958-1?utm_source=Simplify&ref=Simplify,github,SimplifyJobs-GitHub,2d,2.0,True,False,False,False,False,fulltime,New graduate position at TD Bank. Visa sponsorship may be available. ,2025-11-07,2025-11-07T10:09:52.005714
General Dynamics Mission Systems,Software Engineer 1,"Scottsdale, AZ",https://careers-gdms.icims.com/jobs/68913/job?mobile=true&needsRedirect=false&utm_source=Simplify&ref=Simplify,github,SimplifyJobs-GitHub,2d,2.0,True,False,False,False,False,fulltime,New graduate position at General Dynamics Mission Systems. Visa sponsorship may be available. ,2025-11-07,2025-11-07T10:09:52.005733
NCR Voyix,Software Engineer I,"Atlanta, GA",https://ncr.wd1.myworkdayjobs.com/ext_us/job/ATLANTA-GA-USA/Software-Engineer-I_R0155211?utm_source=Simplify&ref=Simplify,github,SimplifyJobs-GitHub,2d,2.0,True,False,False,False,False,fulltime,New graduate position at NCR Voyix. Visa sponsorship may be available. ,2025-11-07,2025-11-07T10:09:52.005753
ðŸ”¥ Roblox,2026] Software Engineer â€“ Early Career - Security,"San Mateo, CA",https://careers.roblox.com/jobs/7357095?gh_jid=7357095&utm_source=Simplify&ref=Simplify,github,SimplifyJobs-GitHub,2d,2.0,False,False,False,False,False,fulltime,New graduate position at ðŸ”¥ Roblox. Visa sponsorship NOT available. ,2025-11-07,2025-11-07T10:09:52.005775
McDonald's,Software Engineer I C#,"Chicago, IL",https://jobs.mcdonalds.com/job/Chicago-Software-Engineer-I-C-IL-60607/1340292800/?ats=successfactors&utm_source=Simplify&ref=Simplify,github,SimplifyJobs-GitHub,2d,2.0,True,False,False,False,False,fulltime,New graduate position at McDonald's. Visa sponsorship may be available. ,2025-11-07,2025-11-07T10:09:52.005797
RTX,Software Engineer I,"West Valley City, UT",https://globalhr.wd5.myworkdayjobs.com/rec_rtx_ext_gateway/job/UT207-1127-West-2320-South---West-Valley-City-UT-84119-USA/Software-Engineer-I_01804302?utm_source=Simplify&ref=Simplify,github,SimplifyJobs-GitHub,2d,2.0,True,False,False,False,False,fulltime,New graduate position at RTX. Visa sponsorship may be available. ,2025-11-07,2025-11-07T10:09:52.005817
McDonald's,Software Engineer I,"Chicago, IL",https://jobs.mcdonalds.com/job/Chicago-Software-Engineer-I-IL-60607/1322906200/?ats=successfactors&utm_source=Simplify&ref=Simplify,github,SimplifyJobs-GitHub,2d,2.0,True,False,False,False,False,fulltime,New graduate position at McDonald's. Visa sponsorship may be available. ,2025-11-07,2025-11-07T10:09:52.005867
NCR,Software Engineer I,"Atlanta, GA",https://ncr.wd1.myworkdayjobs.com/en-US/ext_us/job/ATLANTA-GA-USA/Software-Engineer-I_R0155211?utm_source=Simplify&ref=Simplify,github,SimplifyJobs-GitHub,2d,2.0,True,False,False,False,False,fulltime,New graduate position at NCR. Visa sponsorship may be available. ,2025-11-07,2025-11-07T10:09:52.005916
Vertiv,Associate Firmware Engineer,"Saint Louis, MO",https://egup.fa.us2.oraclecloud.com/hcmUI/CandidateExperience/en/sites/CX/job/20262069?utm_source=Simplify&ref=Simplify,github,SimplifyJobs-GitHub,2d,2.0,False,False,False,False,False,fulltime,New graduate position at Vertiv. Visa sponsorship NOT available. ,2025-11-07,2025-11-07T10:09:52.005944
PNC Bank,Technology Development Program,"Pittsburgh, PA",https://pnc.wd5.myworkdayjobs.com/External/job/PA---Pittsburgh-15222/Technology-Development-Program_R196707?utm_source=Simplify&ref=Simplify,github,SimplifyJobs-GitHub,2d,2.0,False,False,False,False,False,fulltime,New graduate position at PNC Bank. Visa sponsorship NOT available. ,2025-11-07,2025-11-07T10:09:52.005963
LexisNexis Risk Solutions,Software Engineer 1,"Nottingham, UK",https://relx.wd3.myworkdayjobs.com/en-US/RiskSolutions/job/Nottingham/Software-Engineer-1_R102845?utm_source=Simplify&ref=Simplify,github,SimplifyJobs-GitHub,3d,3.0,True,False,False,False,False,fulltime,New graduate position at LexisNexis Risk Solutions. Visa sponsorship may be available. ,2025-11-07,2025-11-07T10:09:52.005983
Altice USA,Software Dev Engineer I,"Plainview, NY",https://www.alticeusacareers.com/job/Bethpage-Software-Dev-Engineer-I-NY-11714/1340029300/?ats=successfactors&utm_source=Simplify&ref=Simplify,github,SimplifyJobs-GitHub,3d,3.0,True,False,False,False,False,fulltime,New graduate position at Altice USA. Visa sponsorship may be available. ,2025-11-07,2025-11-07T10:09:52.006004
Intuit,Software Engineer 1,"Mountain View, CA",https://jobs.intuit.com/job/mountain-view/software-engineer-1/27595/88025996928?utm_source=Simplify&ref=Simplify,github,SimplifyJobs-GitHub,3d,3.0,True,False,False,False,False,fulltime,New graduate position at Intuit. Visa sponsorship may be available. ,2025-11-07,2025-11-07T10:09:52.006024
Truveta,Software Engineer â€“ Entry Level - Imaging Services,"Seattle, WA",https://job-boards.greenhouse.io/truveta/jobs/5696523004?utm_source=Simplify&ref=Simplify,github,SimplifyJobs-GitHub,3d,3.0,False,False,False,False,False,fulltime,New graduate position at Truveta. Visa sponsorship NOT available. ,2025-11-07,2025-11-07T10:09:52.006045
Cummins,Software Engineer I,Indiana,https://fa-espx-saasfaprod1.fa.ocs.oraclecloud.com/hcmUI/CandidateExperience/en/sites/CX_1/job/2420573?utm_source=Simplify&ref=Simplify,github,SimplifyJobs-GitHub,3d,3.0,True,False,False,False,False,fulltime,New graduate position at Cummins. Visa sponsorship may be available. ,2025-11-07,2025-11-07T10:09:52.006065
Red Hat,Associate Software Engineer,Remote in USA,https://redhat.wd5.myworkdayjobs.com/en-US/jobs/job/Remote-US-NC/Associate-Software-Engineer_R-052052?utm_source=Simplify&ref=Simplify,github,SimplifyJobs-GitHub,4d,4.0,True,False,False,False,False,fulltime,New graduate position at Red Hat. Visa sponsorship may be available. ,2025-11-07,2025-11-07T10:09:52.006084
ðŸ”¥ NVIDIA,DL Performance Software Engineer â€“ New College Graduate 2025 - LLM Inference,"Toronto, ON, Canada",https://nvidia.wd5.myworkdayjobs.com/NVIDIAExternalCareerSite/job/Canada-Toronto/DL-Performance-Software-Engineer--LLM-Inference---New-College-Graduate-2025_JR2006789?utm_source=Simplify&ref=Simplify,github,SimplifyJobs-GitHub,6d,6.0,True,False,False,False,False,fulltime,New graduate position at ðŸ”¥ NVIDIA. Visa sponsorship may be available. ,2025-11-07,2025-11-07T10:09:52.006107
Northrop Grumman,Modeling & Simulation Software Engineer 1 or 2 - Aht,"Northridge, LA",https://ngc.wd1.myworkdayjobs.com/Northrop_Grumman_External_Site/job/United-States-California-Northridge/Modeling-and-Simulation-Engineer--level-1-2---AHT-_R10202089?utm_source=Simplify&ref=Simplify,github,SimplifyJobs-GitHub,6d,6.0,True,False,False,False,False,fulltime,New graduate position at Northrop Grumman. Visa sponsorship may be available. ,2025-11-07,2025-11-07T10:09:52.006142
Trimble,Software Engineer 1 - SketchUp Warehouse Platform Team,"Westminster, CO",https://trimble.wd1.myworkdayjobs.com/en-US/TrimbleCareers/job/US---CO-Westminster/Software-Engineer_R50787?utm_source=Simplify&ref=Simplify,github,SimplifyJobs-GitHub,6d,6.0,True,False,False,False,False,fulltime,New graduate position at Trimble. Visa sponsorship may be available. ,2025-11-07,2025-11-07T10:09:52.006162
Ciena,Software Developer â€“ 2026 New Grads,"Ottawa, ON, Canada",https://ciena.wd5.myworkdayjobs.com/Careers/job/Ottawa/Software-Developer---New-Grad-2025_R028667-1?utm_source=Simplify&ref=Simplify,github,SimplifyJobs-GitHub,6d,6.0,True,False,False,False,False,fulltime,New graduate position at Ciena. Visa sponsorship may be available. ,2025-11-07,2025-11-07T10:09:52.006182
Abridge,Machine Learning Operations â€“ New Grad - Full Stack,SF,https://jobs.ashbyhq.com/abridge/33d1c529-87e0-4e7c-822a-28adffb991d6/application?utm_source=Simplify&ref=Simplify,github,SimplifyJobs-GitHub,6d,6.0,True,False,False,False,False,fulltime,New graduate position at Abridge. Visa sponsorship may be available. ,2025-11-07,2025-11-07T10:09:52.006204
ðŸ”¥ Palantir,Forward Deployed Software Engineer â€“ New Grad - Commercial,"London, UK",https://jobs.lever.co/palantir/2aa14e4f-d406-486e-9aa8-6ff3358d70a0/apply?utm_source=Simplify&ref=Simplify,github,SimplifyJobs-GitHub,6d,6.0,True,False,False,False,False,fulltime,New graduate position at ðŸ”¥ Palantir. Visa sponsorship may be available. ,2025-11-07,2025-11-07T10:09:52.006224
Zip,Software Engineer â€“ New Grad - 2026 Start,SF,https://jobs.ashbyhq.com/zip/bec203f9-7919-479a-b021-c7871b7757e2/application?utm_source=Simplify&ref=Simplify,github,SimplifyJobs-GitHub,6d,6.0,True,False,False,False,False,fulltime,New graduate position at Zip. Visa sponsorship may be available. ,2025-11-07,2025-11-07T10:09:52.006244
Robert Half,Software Engineer I,"San Ramon, CA",https://roberthalf.wd1.myworkdayjobs.com/roberthalfcareers/job/SAN-RAMON/Software-Engineer-I_JR-258714?utm_source=Simplify&ref=Simplify,github,SimplifyJobs-GitHub,6d,6.0,True,False,False,False,False,fulltime,New graduate position at Robert Half. Visa sponsorship may be available. ,2025-11-07,2025-11-07T10:09:52.006265
American Express,Campus Undergraduate Full-Time - Software Engineer 1 - Technology,NYC,https://aexp.eightfold.ai/careers/job/38270715?utm_source=Simplify&ref=Simplify,github,SimplifyJobs-GitHub,7d,7.0,True,False,False,False,False,fulltime,New graduate position at American Express. Visa sponsorship may be available. ,2025-11-07,2025-11-07T10:09:52.006288
Continue,Software Engineer â€“ New grad,SF,https://jobs.ashbyhq.com/continue/219fce3e-7af9-4b00-8fa7-87bf53db72f7/application?utm_source=Simplify&ref=Simplify,github,SimplifyJobs-GitHub,7d,7.0,True,False,False,False,False,fulltime,New graduate position at Continue. Visa sponsorship may be available. ,2025-11-07,2025-11-07T10:09:52.006308
General Dynamics Mission Systems,Entry Level Software Engineer,"Pittsburgh, PA",https://careers-gdms.icims.com/jobs/67621/job?mobile=true&needsRedirect=false&utm_source=Simplify&ref=Simplify,github,SimplifyJobs-GitHub,7d,7.0,True,False,False,False,False,fulltime,New graduate position at General Dynamics Mission Systems. Visa sponsorship may be available. ,2025-11-07,2025-11-07T10:09:52.006328
ðŸ”¥ Samsara,New Grad â€“ Software Engineering,"London, UK",https://www.samsara.com/company/careers/roles/7336002?gh_jid=7336002&utm_source=Simplify&ref=Simplify,github,SimplifyJobs-GitHub,7d,7.0,True,False,False,False,False,fulltime,New graduate position at ðŸ”¥ Samsara. Visa sponsorship may be available. ,2025-11-07,2025-11-07T10:09:52.006349
N1,New Grad Software Engineer - Full Stack,NYC,https://jobs.ashbyhq.com/n1/73724fe2-9a93-4a60-b349-4fd3d2efa94a/application?utm_source=Simplify&ref=Simplify,github,SimplifyJobs-GitHub,7d,7.0,True,False,False,False,False,fulltime,New graduate position at N1. Visa sponsorship may be available. ,2025-11-07,2025-11-07T10:09:52.006371
Cape,New College Graduate - Software Engineer,"Washington, DCNYC",https://jobs.ashbyhq.com/cape/bd280ded-4298-47de-a186-1aebd1bd94b8/application?utm_source=Simplify&ref=Simplify,github,SimplifyJobs-GitHub,7d,7.0,True,False,False,False,False,fulltime,New graduate position at Cape. Visa sponsorship may be available. ,2025-11-07,2025-11-07T10:09:52.006392
Abnormal Security,Software Engineer 1 - Data Platform,Remote in USA,https://abnormal.ai/careers/jobs/7483970003?gh_jid=7483970003&utm_source=Simplify&ref=Simplify,github,SimplifyJobs-GitHub,7d,7.0,True,False,False,False,False,fulltime,New graduate position at Abnormal Security. Visa sponsorship may be available. ,2025-11-07,2025-11-07T10:09:52.006412
Steel Point Solutions,Software Engineer 1 - Software Engineering,"Odenton, MD",https://steelpoint-llc.com/government-it-consultant-careers/?gh_jid=7453484003&utm_source=Simplify&ref=Simplify,github,SimplifyJobs-GitHub,7d,7.0,True,False,False,False,False,fulltime,New graduate position at Steel Point Solutions. Visa sponsorship may be available. ,2025-11-07,2025-11-07T10:09:52.006432
Mass General Brigham,Software Engineer I,"Cambridge, MA",https://massgeneralbrigham.wd1.myworkdayjobs.com/mgbexternal/job/Somerville-MA/Software-Engineer-I_RQ4019105?utm_source=Simplify&ref=Simplify,github,SimplifyJobs-GitHub,7d,7.0,True,False,False,False,False,fulltime,New graduate position at Mass General Brigham. Visa sponsorship may be available. ,2025-11-07,2025-11-07T10:09:52.006452
ASM International,Software Engineer â€“ Early Career - Fall 2025,"Phoenix, AZ",https://www.asm.com/open-vacancies/?gh_jid=4639009101&utm_source=Simplify&ref=Simplify,github,SimplifyJobs-GitHub,7d,7.0,True,False,False,False,False,fulltime,New graduate position at ASM International. Visa sponsorship may be available. ,2025-11-07,2025-11-07T10:09:52.006472
D3,Backend Engineer â€“ New Grad,LA,https://d3.com/careers?gh_jid=4915295008&utm_source=Simplify&ref=Simplify,github,SimplifyJobs-GitHub,7d,7.0,True,False,False,False,False,fulltime,New graduate position at D3. Visa sponsorship may be available. ,2025-11-07,2025-11-07T10:09:52.006491
DigitalOcean,Software Engineer I - Security,"Seattle, WA",https://www.digitalocean.com/careers/position/apply/?gh_jid=7184047&utm_source=Simplify&ref=Simplify,github,SimplifyJobs-GitHub,7d,7.0,True,False,False,False,False,fulltime,New graduate position at DigitalOcean. Visa sponsorship may be available. ,2025-11-07,2025-11-07T10:09:52.006511
Esri,Publishing Product Engineer I - Arcgis Enterprise,"West Redlands, Redlands, CA",https://www.esri.com/careers/4828988007?gh_jid=4828988007&utm_source=Simplify&ref=Simplify,github,SimplifyJobs-GitHub,7d,7.0,True,False,False,False,False,fulltime,New graduate position at Esri. Visa sponsorship may be available. ,2025-11-07,2025-11-07T10:09:52.006531
mthree,DÃ©veloppeur gÃ©nie logiciel / Junior Software Developer - Canada - Montreal,"Montreal, QC, Canada",https://job-boards.greenhouse.io/mthreerecruitingportal/jobs/4614251006?utm_source=Simplify&ref=Simplify,github,SimplifyJobs-GitHub,7d,7.0,True,False,False,False,False,fulltime,New graduate position at mthree. Visa sponsorship may be available. ,2025-11-07,2025-11-07T10:09:52.006552
Whoop,Android Engineer 1 - Growth,"Boston, MA",https://jobs.lever.co/whoop/c1ee90e7-697b-49c2-b805-fa2c1ee20e4f/apply?utm_source=Simplify&ref=Simplify,github,SimplifyJobs-GitHub,7d,7.0,True,False,False,False,False,fulltime,New graduate position at Whoop. Visa sponsorship may be available. ,2025-11-07,2025-11-07T10:09:52.006575
Applied Intuition,Software Integration Engineer - New Grad,"Mountain View, CA",https://job-boards.greenhouse.io/appliedintuition/jobs/4607272005?gh_jid=4607272005&utm_source=Simplify&ref=Simplify,github,SimplifyJobs-GitHub,7d,7.0,True,False,False,False,False,fulltime,New graduate position at Applied Intuition. Visa sponsorship may be available. ,2025-11-07,2025-11-07T10:09:52.006593
ðŸ”¥ Amazon,Silicon & AI Systems Innovation,"Austin, TXSeattle, WACupertino, CA",https://www.amazon.jobs/en/jobs/3116902/2026-annapurna-labs-at-aws-early-career-us-silicon-ai-systems-innovation?utm_source=Simplify&ref=Simplify,github,SimplifyJobs-GitHub,8d,8.0,True,False,False,False,False,fulltime,New graduate position at ðŸ”¥ Amazon. Visa sponsorship may be available. ,2025-11-07,2025-11-07T10:09:52.006614
Rover,"Software Engineer I, Expansions","Seattle, WA",https://jobs.lever.co/rover/206facd5-3dec-45a0-a76a-189cb2397d3e/?utm_source=Simplify&ref=Simplify,github,SimplifyJobs-GitHub,8d,8.0,True,False,False,False,False,fulltime,New graduate position at Rover. Visa sponsorship may be available. ,2025-11-07,2025-11-07T10:09:52.006632
McDonald's,Software Engineer I C#,"Chicago, IL",https://jobs.mcdonalds.com/job/Chicago-Software-Engineer-I-C-IL-60607/1338320000/?ats=successfactors&utm_source=Simplify&ref=Simplify,github,SimplifyJobs-GitHub,8d,8.0,True,False,False,False,False,fulltime,New graduate position at McDonald's. Visa sponsorship may be available. ,2025-11-07,2025-11-07T10:09:52.006654
Twitch,Software Engineer I - Frontend,SF,https://job-boards.greenhouse.io/twitch/jobs/8230925002?utm_source=Simplify&ref=Simplify,github,SimplifyJobs-GitHub,8d,8.0,True,False,False,False,False,fulltime,New graduate position at Twitch. Visa sponsorship may be available. ,2025-11-07,2025-11-07T10:09:52.006674
mthree,DÃ©veloppeur gÃ©nie logiciel / Junior Software Developer - Canada - Montreal,"Montreal, QC, Canada",https://job-boards.greenhouse.io/mthreerecruitingportal/jobs/4613765006?utm_source=Simplify&ref=Simplify,github,SimplifyJobs-GitHub,8d,8.0,True,False,False,False,False,fulltime,New graduate position at mthree. Visa sponsorship may be available. ,2025-11-07,2025-11-07T10:09:52.006694
IXL Learning,Software Engineer â€“ New Grad,"Raleigh, NC",https://www.ixl.com/company/jobs?gh_jid=8231360002&utm_source=Simplify&ref=Simplify,github,SimplifyJobs-GitHub,9d,9.0,True,False,False,False,False,fulltime,New graduate position at IXL Learning. Visa sponsorship may be available. ,2025-11-07,2025-11-07T10:09:52.006715
General Dynamics Mission Systems,Software Engineer â€“ Entry Level,"Scottsdale, AZ",https://careers-gdms.icims.com/jobs/68796/job?mobile=true&needsRedirect=false&utm_source=Simplify&ref=Simplify,github,SimplifyJobs-GitHub,9d,9.0,True,False,False,False,False,fulltime,New graduate position at General Dynamics Mission Systems. Visa sponsorship may be available. ,2025-11-07,2025-11-07T10:09:52.006735
ðŸ”¥ Amazon,Security Engineer I - Security Incident Response Team - Sirt,"Arlington, VA",https://amazon.jobs/en/jobs/3092566/security-engineer-i-security-incident-response-team-sirt?utm_source=Simplify&ref=Simplify,github,SimplifyJobs-GitHub,9d,9.0,True,False,False,False,False,fulltime,New graduate position at ðŸ”¥ Amazon. Visa sponsorship may be available. ,2025-11-07,2025-11-07T10:09:52.006757
BTI Solutions,Entry Level Mobile Device Test Network Engineer,"Bellevue, WA",https://btisolutions.wd12.myworkdayjobs.com/External/job/Bellevue-WA/Entry-Level-Mobile-Device-Test-Network-Engineer_JR101382?utm_source=Simplify&ref=Simplify,github,SimplifyJobs-GitHub,11d,11.0,True,False,False,False,False,fulltime,New graduate position at BTI Solutions. Visa sponsorship may be available. ,2025-11-07,2025-11-07T10:09:52.006777
Wyetech,Software Engineer 0,"Annapolis Junction, MD",https://jobs.lever.co/wyetechllc/37094832-f2d0-46ce-968d-9c2369068034/apply?utm_source=Simplify&ref=Simplify,github,SimplifyJobs-GitHub,11d,11.0,True,False,False,False,False,fulltime,New graduate position at Wyetech. Visa sponsorship may be available. ,2025-11-07,2025-11-07T10:09:52.006797
General Dynamics Mission Systems,Software Engineer 1,"Pittsburgh, PA",https://careers-gdms.icims.com/jobs/68761/job?mobile=true&needsRedirect=false&utm_source=Simplify&ref=Simplify,github,SimplifyJobs-GitHub,11d,11.0,True,False,False,False,False,fulltime,New graduate position at General Dynamics Mission Systems. Visa sponsorship may be available. ,2025-11-07,2025-11-07T10:09:52.006817
Amentum,Entry Level Software Engineer,"Fredericksburg, VADahlgren, VA",https://pae.wd1.myworkdayjobs.com/en-US/amentum_careers/job/US-VA-Dahlgren/Entry-Level-Software-Engineer_R0148259?utm_source=Simplify&ref=Simplify,github,SimplifyJobs-GitHub,11d,11.0,True,False,False,False,False,fulltime,New graduate position at Amentum. Visa sponsorship may be available. ,2025-11-07,2025-11-07T10:09:52.006837
Captivation,Software Engineer 1 - Hybrid - Java/Mapreduce/Git/Pig/Maven,"Annapolis Junction, MD",https://job-boards.greenhouse.io/captivation/jobs/4955322008?utm_source=Simplify&ref=Simplify,github,SimplifyJobs-GitHub,12d,12.0,True,False,False,False,False,fulltime,New graduate position at Captivation. Visa sponsorship may be available. ,2025-11-07,2025-11-07T10:09:52.006857
Wolverine Trading,Entry Level C# Software Engineer,"Chicago, IL",https://jobs.lever.co/wolve/8b1ee40d-e234-4c5d-910f-88b0addc5549/apply?utm_source=Simplify&ref=Simplify,github,SimplifyJobs-GitHub,12d,12.0,True,False,False,False,False,fulltime,New graduate position at Wolverine Trading. Visa sponsorship may be available. ,2025-11-07,2025-11-07T10:09:52.006877
Promise,Software Engineer â€“ New Grad - Forward Deployed AI,"Oakland, CA",https://jobs.ashbyhq.com/Promise/f0a30718-faf0-4a34-8759-0d6335fa365a/application?utm_source=Simplify&ref=Simplify,github,SimplifyJobs-GitHub,12d,12.0,True,False,False,False,False,fulltime,New graduate position at Promise. Visa sponsorship may be available. ,2025-11-07,2025-11-07T10:09:52.006897
Fidelity National Information Services,Software Engineer I - C++ and Payments Systems,"Philadelphia, PA",https://fis.wd5.myworkdayjobs.com/searchjobs/job/PHL-MAKA-8767-FLR42/Software-Engineer-I--C---and-Payments-Systems-_JR0300399?utm_source=Simplify&ref=Simplify,github,SimplifyJobs-GitHub,13d,13.0,True,False,False,False,False,fulltime,New graduate position at Fidelity National Information Services. Visa sponsorship may be available. ,2025-11-07,2025-11-07T10:09:52.006931
Promise,Software Engineer â€“ Forward Deployed AI (New Grad),"Oakland, CA",https://jobs.ashbyhq.com/Promise/f0a30718-faf0-4a34-8759-0d6335fa365a?utm_source=Simplify&ref=Simplify,github,SimplifyJobs-GitHub,13d,13.0,True,True,False,False,False,fulltime,New graduate position at Promise. US Citizenship required. Visa sponsorship may be available. ,2025-11-07,2025-11-07T10:09:52.006951
"DuCharme, McMillen & Associates",Associate Software Engineer,"Fort Wayne, IN",https://dmainc.wd5.myworkdayjobs.com/en-US/dma/job/Fort-Wayne-IN/Associate-Software-Engineer_REQ206?utm_source=Simplify&ref=Simplify,github,SimplifyJobs-GitHub,13d,13.0,False,False,False,False,False,fulltime,"New graduate position at DuCharme, McMillen & Associates. Visa sponsorship NOT available. ",2025-11-07,2025-11-07T10:09:52.006984
ðŸ”¥ Oracle,Undergrad Software Engineer - Oracle Cloud Infrastructure (OCI),"Santa Clara, CA",https://careers.oracle.com/en/sites/jobsearch/job/312200?utm_source=Simplify&ref=Simplify,github,SimplifyJobs-GitHub,14d,14.0,False,False,False,False,False,fulltime,New graduate position at ðŸ”¥ Oracle. Visa sponsorship NOT available. ,2025-11-07,2025-11-07T10:09:52.007003
Boerboel,Developer,"New York, NYChicago, ILLondon, UK",https://www.boerboeltrading.com/jobs.html?gh_jid=5670371004&utm_source=Simplify&ref=Simplify,github,SimplifyJobs-GitHub,14d,14.0,True,False,False,False,False,fulltime,New graduate position at Boerboel. Visa sponsorship may be available. ,2025-11-07,2025-11-07T10:09:52.007022
Amentum,Entry Level Software Engineer,"Dahlgren, VA",https://pae.wd1.myworkdayjobs.com/en-US/amentum_careers/job/US-VA-Dahlgren/Entry-Level-Software-Engineer_R0148073?utm_source=Simplify&ref=Simplify,github,SimplifyJobs-GitHub,14d,14.0,True,False,False,False,False,fulltime,New graduate position at Amentum. Visa sponsorship may be available. ,2025-11-07,2025-11-07T10:09:52.007042
ðŸ”¥ Adobe,Software Development Engineer,"San Jose, CA",https://careers.adobe.com/us/en/job/ADOBUSR158465EXTERNALENUS/Software-Development-Engineer?utm_source=Simplify&ref=Simplify,github,SimplifyJobs-GitHub,15d,15.0,True,False,False,False,False,fulltime,New graduate position at ðŸ”¥ Adobe. Visa sponsorship may be available. ,2025-11-07,2025-11-07T10:09:52.007061
ElevenLabs,Growth Engineering - Mobile,Remote Globally,https://jobs.ashbyhq.com/elevenlabs/bed47ac1-9c5c-44ae-8965-3a4312706328?utm_source=Simplify&ref=Simplify,github,SimplifyJobs-GitHub,15d,15.0,False,False,False,False,False,fulltime,New graduate position at ElevenLabs. Visa sponsorship NOT available. ,2025-11-07,2025-11-07T10:09:52.007079
Insulet,Associate Software Test Engineer,"Acton, MA",https://insulet.wd5.myworkdayjobs.com/en-US/insuletcareers/job/US---Massachusetts/Associate-Software-Test-Engineer---Acton--Mass--Hybrid-_REQ-2025-13419?utm_source=Simplify&ref=Simplify,github,SimplifyJobs-GitHub,15d,15.0,True,False,False,False,False,fulltime,New graduate position at Insulet. Visa sponsorship may be available. ,2025-11-07,2025-11-07T10:09:52.007097
SharkNinja,Software Development Testing Engineer I,"Needham, MA",https://job-boards.greenhouse.io/sharkninjaoperatingllc/jobs/4608642006?utm_source=Simplify&ref=Simplify,github,SimplifyJobs-GitHub,15d,15.0,True,False,False,False,False,fulltime,New graduate position at SharkNinja. Visa sponsorship may be available. ,2025-11-07,2025-11-07T10:09:52.007117
Analog Devices,"Associate Engineer, Embedded Software","Edinburgh, SC, UK",https://analogdevices.wd1.myworkdayjobs.com/en-US/External/job/United-Kingdom-Edinburgh-SC-Freer/Associate-Engineer--Embedded-Software_R257164?utm_source=Simplify&ref=Simplify,github,SimplifyJobs-GitHub,15d,15.0,True,False,False,False,False,fulltime,New graduate position at Analog Devices. Visa sponsorship may be available. ,2025-11-07,2025-11-07T10:09:52.007136
Booz Allen,Backend Developer,"Alexandria, VA",https://bah.wd1.myworkdayjobs.com/bah_jobs/job/Alexandria-VA/Backend-Developer_R0228366?utm_source=Simplify&ref=Simplify,github,SimplifyJobs-GitHub,15d,15.0,True,True,False,False,False,fulltime,New graduate position at Booz Allen. US Citizenship required. Visa sponsorship may be available. ,2025-11-07,2025-11-07T10:09:52.007156
Vermont Information Processing,Software Engineer 1,"Holland, MI",https://job-boards.greenhouse.io/vipvermontinformationprocessing2/jobs/4953972007?utm_source=Simplify&ref=Simplify,github,SimplifyJobs-GitHub,15d,15.0,True,False,False,False,False,fulltime,New graduate position at Vermont Information Processing. Visa sponsorship may be available. ,2025-11-07,2025-11-07T10:09:52.007177
Shield AI,Software Engineer I - Hardware Test - R3999,"Dallas, TX",https://jobs.lever.co/shieldai/8ed6bd48-2bf0-44a2-812d-7d8a2ab6b9f0/apply?utm_source=Simplify&ref=Simplify,github,SimplifyJobs-GitHub,15d,15.0,True,False,False,False,False,fulltime,New graduate position at Shield AI. Visa sponsorship may be available. ,2025-11-07,2025-11-07T10:09:52.007197
RELX,Software Engineer I,"Southampton, UK",https://relx.wd3.myworkdayjobs.com/en-US/relx/job/UK---Grosvenor-House-Southampton/Software-Engineer-I_R100158-2?utm_source=Simplify&ref=Simplify,github,SimplifyJobs-GitHub,17d,17.0,True,False,False,False,False,fulltime,New graduate position at RELX. Visa sponsorship may be available. ,2025-11-07,2025-11-07T10:09:52.007218
Intuit,Software Engineer 1,"Mountain View, CA",https://jobs.intuit.com/job/mountain-view/software-engineer-1/27595/87369448720?utm_source=Simplify&ref=Simplify,github,SimplifyJobs-GitHub,20d,20.0,True,False,False,False,False,fulltime,New graduate position at Intuit. Visa sponsorship may be available. ,2025-11-07,2025-11-07T10:09:52.007237
Delta Solutions & Strategies,Junior Software Engineer,"Colorado Springs, CO",https://jobs.lever.co/deltasands/4ae1b9e2-ebbd-416e-810a-58f296666125/?utm_source=Simplify&ref=Simplify,github,SimplifyJobs-GitHub,20d,20.0,True,False,False,False,False,fulltime,New graduate position at Delta Solutions & Strategies. Visa sponsorship may be available. ,2025-11-07,2025-11-07T10:09:52.007255
Groundswell,Technical Consultant,"McLean, VA",https://groundswell.wd12.myworkdayjobs.com/groundswell/job/McLean-VA/Technical-Consultant--Campus-Recruiting-Entry-Level-_JR100868?utm_source=Simplify&ref=Simplify,github,SimplifyJobs-GitHub,20d,20.0,True,False,False,False,False,fulltime,New graduate position at Groundswell. Visa sponsorship may be available. ,2025-11-07,2025-11-07T10:09:52.007274
EVgo,Software Development Engineer I,United States,https://jobs.jobvite.com/evgo/job/ogeByfwn?nl=1&nl=1&fr=false&utm_source=Simplify&ref=Simplify,github,SimplifyJobs-GitHub,20d,20.0,True,False,False,False,False,fulltime,New graduate position at EVgo. Visa sponsorship may be available. ,2025-11-07,2025-11-07T10:09:52.007294
Truist Bank,Software Engineer 1 SAS Programmer,"Charlotte, NCAtlanta, GA",https://truist.wd1.myworkdayjobs.com/en-US/Careers/job/Charlotte-NC/Software-Engineer-I_R0107411?utm_source=Simplify&ref=Simplify,github,SimplifyJobs-GitHub,21d,21.0,True,False,False,False,False,fulltime,New graduate position at Truist Bank. Visa sponsorship may be available. ,2025-11-07,2025-11-07T10:09:52.007315
ðŸ”¥ Figma,Junior Software Engineer - Software Engineer,SFNYC,https://boards.greenhouse.io/figma/jobs/5616603004?utm_source=Simplify&ref=Simplify,github,SimplifyJobs-GitHub,22d,22.0,True,False,False,False,False,fulltime,New graduate position at ðŸ”¥ Figma. Visa sponsorship may be available. ,2025-11-07,2025-11-07T10:09:52.007336
D3,Frontend Engineer â€“ New Grad,LA,https://d3.com/careers?gh_jid=4915213008&utm_source=Simplify&ref=Simplify,github,SimplifyJobs-GitHub,22d,22.0,True,False,False,False,False,fulltime,New graduate position at D3. Visa sponsorship may be available. ,2025-11-07,2025-11-07T10:09:52.007356
Glide,Full Stack Engineer â€“ Early Career,"New York, NYHybrid",https://jobs.ashbyhq.com/glide/5ece3064-6884-43c2-923c-066d6187b25d?utm_source=Simplify&ref=Simplify,github,SimplifyJobs-GitHub,22d,22.0,True,False,False,False,False,fulltime,New graduate position at Glide. Visa sponsorship may be available. ,2025-11-07,2025-11-07T10:09:52.007375
Glide,"Junior Full Stack Engineer - Frontend and Backend - TypeScript, React, Node.js, Next.js",NYC,https://jobs.ashbyhq.com/glide/5ece3064-6884-43c2-923c-066d6187b25d/application?utm_source=Simplify&ref=Simplify,github,SimplifyJobs-GitHub,23d,23.0,True,False,False,False,False,fulltime,New graduate position at Glide. Visa sponsorship may be available. ,2025-11-07,2025-11-07T10:09:52.007395
mthree,Junior Software Developer,"Glasgow, UK",https://job-boards.greenhouse.io/mthreerecruitingportal/jobs/4595457006?utm_source=Simplify&ref=Simplify,github,SimplifyJobs-GitHub,23d,23.0,True,False,False,False,False,fulltime,New graduate position at mthree. Visa sponsorship may be available. ,2025-11-07,2025-11-07T10:09:52.007415
Esri,Java Software Engineer I - Arcgis Enterprise,"West Redlands, Redlands, CA",https://www.esri.com/careers/4660952007?gh_jid=4660952007&utm_source=Simplify&ref=Simplify,github,SimplifyJobs-GitHub,23d,23.0,True,False,False,False,False,fulltime,New graduate position at Esri. Visa sponsorship may be available. ,2025-11-07,2025-11-07T10:09:52.007435
ðŸ”¥ IBM,Software Developer,"Lowell, MASan Jose, CAAustin, TX",https://ibmglobal.avature.net/en_US/careers/JobDetail?jobId=58552&utm_source=Simplify&ref=Simplify,github,SimplifyJobs-GitHub,23d,23.0,False,False,False,False,False,fulltime,New graduate position at ðŸ”¥ IBM. Visa sponsorship NOT available. ,2025-11-07,2025-11-07T10:09:52.007455
Fireworks AI,Software Engineer â€“ Early Career - Cloud Infrastructure,"San Carlos, CANYC",https://job-boards.greenhouse.io/fireworksai/jobs/4036755009?utm_source=Simplify&ref=Simplify,github,SimplifyJobs-GitHub,24d,24.0,True,False,False,False,False,fulltime,New graduate position at Fireworks AI. Visa sponsorship may be available. ,2025-11-07,2025-11-07T10:09:52.007476
Wyetech,Software Engineer 0,"Annapolis Junction, MD",https://jobs.lever.co/wyetechllc/68850aff-cd40-44e9-9af0-8124ac21e930/apply?utm_source=Simplify&ref=Simplify,github,SimplifyJobs-GitHub,24d,24.0,True,False,False,False,False,fulltime,New graduate position at Wyetech. Visa sponsorship may be available. ,2025-11-07,2025-11-07T10:09:52.007495
Appian,Product Engineer,"McLean, VA",https://job-boards.greenhouse.io/appian/jobs/7287884?utm_source=Simplify&ref=Simplify,github,SimplifyJobs-GitHub,24d,24.0,True,False,False,False,False,fulltime,New graduate position at Appian. Visa sponsorship may be available. ,2025-11-07,2025-11-07T10:09:52.007513
Insulet Corporation,Associate Software QA Engineer,"Acton, MA",https://insulet.wd5.myworkdayjobs.com/en-US/insuletcareers/job/Acton-Massachusetts/Associate-Software-QA-Engineer--Hybrid---Acton--MA-_REQ-2025-13185?utm_source=Simplify&ref=Simplify,github,SimplifyJobs-GitHub,25d,25.0,True,False,False,False,False,fulltime,New graduate position at Insulet Corporation. Visa sponsorship may be available. ,2025-11-07,2025-11-07T10:09:52.007532
Hewlett Packard (HP),Software Development,"5 locationsSpring, TXPalo Alto, CABoise, IDCorvallis, ORVancouver, WA",https://hp.wd5.myworkdayjobs.com/exteu-ac-careersite/job/Spring-Texas-United-States-of-America/Software-Development-Graduate_3152963?utm_source=Simplify&ref=Simplify,github,SimplifyJobs-GitHub,25d,25.0,False,False,False,False,False,fulltime,New graduate position at Hewlett Packard (HP). Visa sponsorship NOT available. ,2025-11-07,2025-11-07T10:09:52.007554
Vail Systems,"Software Engineer, Test & Infrastructure I","Greater Chicago Area, IL",https://jobs.lever.co/vailsys/ad5c0c59-c301-4ac5-983b-bbd62b736c94/?utm_source=Simplify&ref=Simplify,github,SimplifyJobs-GitHub,28d,28.0,True,False,False,False,False,fulltime,New graduate position at Vail Systems. Visa sponsorship may be available. ,2025-11-07,2025-11-07T10:09:52.007572
Truveta,Software Engineer â€“ Entry Level - Front End,"Seattle, WA",https://job-boards.greenhouse.io/truveta/jobs/5674617004?utm_source=Simplify&ref=Simplify,github,SimplifyJobs-GitHub,28d,28.0,True,False,False,False,False,fulltime,New graduate position at Truveta. Visa sponsorship may be available. ,2025-11-07,2025-11-07T10:09:52.007592
Forage,Junior Software Engineer,SF,https://job-boards.greenhouse.io/joinforage/jobs/4892105007?utm_source=Simplify&ref=Simplify,github,SimplifyJobs-GitHub,28d,28.0,True,False,False,False,False,fulltime,New graduate position at Forage. Visa sponsorship may be available. ,2025-11-07,2025-11-07T10:09:52.007611
Valon,Software Engineer â€“ New Grad,SFNYC,https://jobs.ashbyhq.com/Valon/5348244b-763b-4ce7-8828-85575eba2a4c/application?utm_source=Simplify&ref=Simplify,github,SimplifyJobs-GitHub,28d,28.0,True,False,False,False,False,fulltime,New graduate position at Valon. Visa sponsorship may be available. ,2025-11-07,2025-11-07T10:09:52.007632
Vultr,Junior Frontend Engineer,Remote in USA,https://job-boards.greenhouse.io/vultr/jobs/4602862006?utm_source=Simplify&ref=Simplify,github,SimplifyJobs-GitHub,29d,29.0,False,False,False,False,False,fulltime,New graduate position at Vultr. Visa sponsorship NOT available. ,2025-11-07,2025-11-07T10:09:52.007651
Sunwater Capital,Junior Software Engineer,"North Bethesda, MD",https://jobs.lever.co/sunwatercapital/06f08a38-95a0-4dac-9997-4c46b3ae8fed/?utm_source=Simplify&ref=Simplify,github,SimplifyJobs-GitHub,29d,29.0,False,False,False,False,False,fulltime,New graduate position at Sunwater Capital. Visa sponsorship NOT available. ,2025-11-07,2025-11-07T10:09:52.007670
Klaviyo,Software Engineer I,"Boston, MA",https://job-boards.greenhouse.io/klaviyocampus/jobs/7489745003?utm_source=Simplify&ref=Simplify,github,SimplifyJobs-GitHub,1mo,,True,False,False,False,False,fulltime,New graduate position at Klaviyo. Visa sponsorship may be available. ,2025-11-07,2025-11-07T10:09:52.007690
General Dynamics Mission Systems,Software Engineer â€“ Entry Level - Secret Clearance Required,"Dedham, MA",https://careers-gdms.icims.com/jobs/68432/job?mobile=true&needsRedirect=false&utm_source=Simplify&ref=Simplify,github,SimplifyJobs-GitHub,1mo,,True,False,False,False,False,fulltime,New graduate position at General Dynamics Mission Systems. Visa sponsorship may be available. ,2025-11-07,2025-11-07T10:09:52.007709
Electronic Arts,Software Engineer I,"Vancouver, BC, Canada",https://jobs.ea.com/en_US/careers/JobDetail/Software-Engineer-I/209811?utm_source=Simplify&ref=Simplify,github,SimplifyJobs-GitHub,1mo,,True,False,False,False,False,fulltime,New graduate position at Electronic Arts. Visa sponsorship may be available. ,2025-11-07,2025-11-07T10:09:52.007729
ðŸ”¥ DoorDash,Software Engineer 1 - Multiple Teams,"Toronto, ON, Canada",https://job-boards.greenhouse.io/doordashcanada/jobs/7264351?utm_source=Simplify&ref=Simplify,github,SimplifyJobs-GitHub,1mo,,True,False,False,False,False,fulltime,New graduate position at ðŸ”¥ DoorDash. Visa sponsorship may be available. ,2025-11-07,2025-11-07T10:09:52.007750
Reach Financial,Junior Software Engineer,Remote in USARemote in Canada,https://job-boards.greenhouse.io/reach/jobs/8191593002?utm_source=Simplify&ref=Simplify,github,SimplifyJobs-GitHub,1mo,,True,False,False,False,False,fulltime,New graduate position at Reach Financial. Visa sponsorship may be available. ,2025-11-07,2025-11-07T10:09:52.007770
ðŸ”¥ DoorDash,Software Engineer 1 - Multiple Teams,"5 locationsSeattle, WASFLANYCSunnyvale, CA",https://job-boards.greenhouse.io/doordashusa/jobs/7263610?utm_source=Simplify&ref=Simplify,github,SimplifyJobs-GitHub,1mo,,True,False,False,False,False,fulltime,New graduate position at ðŸ”¥ DoorDash. Visa sponsorship may be available. ,2025-11-07,2025-11-07T10:09:52.007832
Amentum,C++ Junior Software Developer,"Dahlgren, VA",https://pae.wd1.myworkdayjobs.com/en-US/amentum_careers/job/US-VA-Dahlgren/C---Junior-Software-Developer_R0147273?utm_source=Simplify&ref=Simplify,github,SimplifyJobs-GitHub,1mo,,True,True,False,False,False,fulltime,New graduate position at Amentum. US Citizenship required. Visa sponsorship may be available. ,2025-11-07,2025-11-07T10:09:52.007863
Wind River,Embedded Software Engineer for Professional Services,"San Diego, CA",https://jobs.jobvite.com/windriver/job/o97iyfwQ?utm_source=Simplify&ref=Simplify,github,SimplifyJobs-GitHub,1mo,,False,False,False,False,False,fulltime,New graduate position at Wind River. Visa sponsorship NOT available. ,2025-11-07,2025-11-07T10:09:52.007900
Flight Schedule Pro,Full Stack Engineer I,"Overland Park, KS",https://www.flightschedulepro.com/careers?gh_jid=4935777008&utm_source=Simplify&ref=Simplify,github,SimplifyJobs-GitHub,1mo,,True,False,False,False,False,fulltime,New graduate position at Flight Schedule Pro. Visa sponsorship may be available. ,2025-11-07,2025-11-07T10:09:52.007921
Fanatics,Software Engineer I,Remote in USA,https://fa-exki-saasfaprod1.fa.ocs.oraclecloud.com/hcmUI/CandidateExperience/en/sites/CX_1/job/25033?utm_source=Simplify&ref=Simplify,github,SimplifyJobs-GitHub,1mo,,True,False,False,False,False,fulltime,New graduate position at Fanatics. Visa sponsorship may be available. ,2025-11-07,2025-11-07T10:09:52.007943
Replit,Software Engineer - New Grad - Summer 2026,"Foster City, CA",https://jobs.ashbyhq.com/replit/b5e81eae-06f9-4798-8988-2d06ca936dbc?utm_source=Simplify&ref=Simplify,github,SimplifyJobs-GitHub,1mo,,True,False,False,False,False,fulltime,New graduate position at Replit. Visa sponsorship may be available. ,2025-11-07,2025-11-07T10:09:52.007962
Domino Data Lab,Software Engineer â€“ New Grad - Campus Recruiting 2026,SF,https://app.careerpuck.com/job-board/domino-data-lab/job/7275094?gh_jid=7275094&utm_source=Simplify&ref=Simplify,github,SimplifyJobs-GitHub,1mo,,True,False,False,False,False,fulltime,New graduate position at Domino Data Lab. Visa sponsorship may be available. ,2025-11-07,2025-11-07T10:09:52.007981
Replit,Software Engineer â€“ New Grad - Summer 2026,"San Mateo, CA",https://jobs.ashbyhq.com/replit/b5e81eae-06f9-4798-8988-2d06ca936dbc/application?utm_source=Simplify&ref=Simplify,github,SimplifyJobs-GitHub,1mo,,True,False,False,False,False,fulltime,New graduate position at Replit. Visa sponsorship may be available. ,2025-11-07,2025-11-07T10:09:52.008002
ZipRecruiter,Software Engineer â€“ New Grad - Multiple Teams,"Santa Monica, CA",https://job-boards.greenhouse.io/ziprecruiter/jobs/7203130?utm_source=Simplify&ref=Simplify,github,SimplifyJobs-GitHub,1mo,,True,False,False,False,False,fulltime,New graduate position at ZipRecruiter. Visa sponsorship may be available. ,2025-11-07,2025-11-07T10:09:52.008027
Magnite,Backend Engineer â€“ Entry Level,"Belfast, UK",https://osv-rubicon.wd5.myworkdayjobs.com/en-US/MagniteCareers/job/United-Kingdom---Belfast/Backend-Engineer--Entry-Level-_R-01124?utm_source=Simplify&ref=Simplify,github,SimplifyJobs-GitHub,1mo,,True,False,False,False,False,fulltime,New graduate position at Magnite. Visa sponsorship may be available. ,2025-11-07,2025-11-07T10:09:52.008050
American Express,Software Engineer 1 - Technology,"Plantation, FL",https://aexp.eightfold.ai/careers/job/38270703?utm_source=Simplify&ref=Simplify,github,SimplifyJobs-GitHub,1mo,,False,False,False,False,False,fulltime,New graduate position at American Express. Visa sponsorship NOT available. ,2025-11-07,2025-11-07T10:09:52.008072
The Travelers Companies,Software Engineer 1 - .Net - Node.js,"Hartford, CTSt Paul, MN",https://travelers.wd5.myworkdayjobs.com/External/job/CT---Hartford/Software-Engineer-I--NET--Nodejs--React-_R-47074?utm_source=Simplify&ref=Simplify,github,SimplifyJobs-GitHub,1mo,,True,False,False,False,False,fulltime,New graduate position at The Travelers Companies. Visa sponsorship may be available. ,2025-11-07,2025-11-07T10:09:52.008108
Momentum Engineering,Software Engineer 0,"Annapolis Junction, MD",https://ats.rippling.com/momentumcareers/jobs/8c2a6494-73a1-445c-84aa-4dc824d8895e?utm_source=Simplify&ref=Simplify,github,SimplifyJobs-GitHub,1mo,,True,True,False,False,False,fulltime,New graduate position at Momentum Engineering. US Citizenship required. Visa sponsorship may be available. ,2025-11-07,2025-11-07T10:09:52.008128
TRM Labs,University Grad - Product Engineer - 2026,SF,https://job-boards.greenhouse.io/trmlabs/jobs/5662998004?utm_source=Simplify&ref=Simplify,github,SimplifyJobs-GitHub,1mo,,True,False,False,False,False,fulltime,New graduate position at TRM Labs. Visa sponsorship may be available. ,2025-11-07,2025-11-07T10:09:52.008148
Sierra,"Software Engineer, Agent","San Francisco, CANew York, NY",https://jobs.ashbyhq.com/Sierra/6a75b530-b7bb-4439-bb67-37b4f2b75b96?utm_source=Simplify&ref=Simplify,github,SimplifyJobs-GitHub,1mo,,True,False,False,False,False,fulltime,New graduate position at Sierra. Visa sponsorship may be available. ,2025-11-07,2025-11-07T10:09:52.008167
Sierra,Software Engineer â€“ New Grad - Agent,NYC,https://jobs.ashbyhq.com/Sierra/ce2ae656-714c-4a6c-a020-fe418f868075/application?utm_source=Simplify&ref=Simplify,github,SimplifyJobs-GitHub,1mo,,True,False,False,False,False,fulltime,New graduate position at Sierra. Visa sponsorship may be available. ,2025-11-07,2025-11-07T10:09:52.008188
HoneyWell,Software Engineer I,"Clearwater, FL",https://ibqbjb.fa.ocs.oraclecloud.com/hcmUI/CandidateExperience/en/sites/Honeywell/jobs/job/119931?utm_source=Simplify&ref=Simplify,github,SimplifyJobs-GitHub,1mo,,True,True,False,False,False,fulltime,New graduate position at HoneyWell. US Citizenship required. Visa sponsorship may be available. ,2025-11-07,2025-11-07T10:09:52.008208
Sierra,Software Engineer â€“ New Grad - Agent,"London, UK",https://jobs.ashbyhq.com/Sierra/0ff928f7-cca0-4d2b-ae64-c07277ff5252/application?utm_source=Simplify&ref=Simplify,github,SimplifyJobs-GitHub,1mo,,True,False,False,False,False,fulltime,New graduate position at Sierra. Visa sponsorship may be available. ,2025-11-07,2025-11-07T10:09:52.008229
Electronic Arts,Software Engineer 1 Gameplay Services,"Vancouver, BC, Canada",https://jobs.ea.com/en_US/careers/JobDetail/Software-Engineer-I-Gameplay-Services/210946?utm_source=Simplify&ref=Simplify,github,SimplifyJobs-GitHub,1mo,,True,False,False,False,False,fulltime,New graduate position at Electronic Arts. Visa sponsorship may be available. ,2025-11-07,2025-11-07T10:09:52.008249
ðŸ”¥ Adobe,University Graduate Software Engineer - Software Engineering,"SFSan Jose, CA",https://adobe.wd5.myworkdayjobs.com/external_experienced/job/San-Jose/XMLNAME-2026-University-Graduate---Software-Engineer_R158638?utm_source=Simplify&ref=Simplify,github,SimplifyJobs-GitHub,1mo,,True,False,False,False,False,fulltime,New graduate position at ðŸ”¥ Adobe. Visa sponsorship may be available. ,2025-11-07,2025-11-07T10:09:52.008269
Wolverine Trading,C++ Software Engineer,"Chicago, IL",https://jobs.lever.co/wolve/b42f4d54-02e1-4549-a6a5-7cd5673c8216?utm_source=Simplify&ref=Simplify,github,SimplifyJobs-GitHub,1mo,,True,False,False,False,False,fulltime,New graduate position at Wolverine Trading. Visa sponsorship may be available. ,2025-11-07,2025-11-07T10:09:52.008288
ðŸ”¥ Notion,"Software Engineer, Fullstack","San Francisco, CANew York, NY",https://jobs.ashbyhq.com/notion/f7399542-9122-481a-bf64-43bf8093748b?utm_source=Simplify&ref=Simplify,github,SimplifyJobs-GitHub,1mo,,True,False,False,False,False,fulltime,New graduate position at ðŸ”¥ Notion. Visa sponsorship may be available. ,2025-11-07,2025-11-07T10:09:52.008307
Meshy,Software Engineer â€“ New Grad,Remote in USA,https://job-boards.greenhouse.io/meshy/jobs/4932258008?utm_source=Simplify&ref=Simplify,github,SimplifyJobs-GitHub,1mo,,True,False,False,False,False,fulltime,New graduate position at Meshy. Visa sponsorship may be available. ,2025-11-07,2025-11-07T10:09:52.008331
Ciena,Routing/IP Software Engineer â€“ New Grad,"Ottawa, ON, Canada",https://ciena.wd5.myworkdayjobs.com/Careers/job/Ottawa/Routing-IP-Software-Engineer---New-Grad_R029033?utm_source=Simplify&ref=Simplify,github,SimplifyJobs-GitHub,1mo,,True,False,False,False,False,fulltime,New graduate position at Ciena. Visa sponsorship may be available. ,2025-11-07,2025-11-07T10:09:52.008352
IXL Learning,Software Engineer â€“ New Grad - Multiple Teams,"San Mateo, CA",https://www.ixl.com/company/jobs?gh_jid=8182830002&utm_source=Simplify&ref=Simplify,github,SimplifyJobs-GitHub,1mo,,True,False,False,False,False,fulltime,New graduate position at IXL Learning. Visa sponsorship may be available. ,2025-11-07,2025-11-07T10:09:52.008376
ðŸ”¥ Figma,Software Engineer,"San Francisco, CANew York, NY",https://job-boards.greenhouse.io/figma/jobs/5616603004?utm_source=Simplify&ref=Simplify,github,SimplifyJobs-GitHub,1mo,,False,False,False,False,False,fulltime,New graduate position at ðŸ”¥ Figma. Visa sponsorship NOT available. ,2025-11-07,2025-11-07T10:09:52.008396
SIFT,Software Engineer â€“ New College Graduate,"El Segundo, CA",https://jobs.ashbyhq.com/siftstack/da9e9490-4156-4390-b9ed-54e215c894b6/application?utm_source=Simplify&ref=Simplify,github,SimplifyJobs-GitHub,1mo,,True,False,False,False,False,fulltime,New graduate position at SIFT. Visa sponsorship may be available. ,2025-11-07,2025-11-07T10:09:52.008418
NorthMark Strategies,Graduate Engineering Program,"Dallas, TX",https://northmark.wd108.myworkdayjobs.com/en-US/NMS/job/Graduate-Program_R12714?utm_source=Simplify&ref=Simplify,github,SimplifyJobs-GitHub,1mo,,False,False,False,False,False,fulltime,New graduate position at NorthMark Strategies. Visa sponsorship NOT available. ,2025-11-07,2025-11-07T10:09:52.008436
Sift,Software Engineer,"El Segundo, CA",https://jobs.ashbyhq.com/siftstack/da9e9490-4156-4390-b9ed-54e215c894b6?utm_source=Simplify&ref=Simplify,github,SimplifyJobs-GitHub,1mo,,True,True,False,False,False,fulltime,New graduate position at Sift. US Citizenship required. Visa sponsorship may be available. ,2025-11-07,2025-11-07T10:09:52.008455
Muon,Software Engineer,"San Jose, CA",https://job-boards.greenhouse.io/muonspace/jobs/4911755007?utm_source=Simplify&ref=Simplify,github,SimplifyJobs-GitHub,1mo,,True,True,False,False,False,fulltime,New graduate position at Muon. US Citizenship required. Visa sponsorship may be available. ,2025-11-07,2025-11-07T10:09:52.008474
Tencent,Cloud PaaS Associate Site Reliability Engineer,"Palo Alto, CA",https://tencent.wd1.myworkdayjobs.com/en-US/Tencent_Careers/job/US-California-Palo-Alto/Tencent-Cloud-PaaS-Associate-Site-Reliability-Engineer_R106050-1?utm_source=Simplify&ref=Simplify,github,SimplifyJobs-GitHub,1mo,,True,False,False,False,False,fulltime,New graduate position at Tencent. Visa sponsorship may be available. ,2025-11-07,2025-11-07T10:09:52.008493
Applied Intuition,Software Engineer â€“ New Grad,"Sunnyvale, CA",https://boards.greenhouse.io/appliedintuition/jobs/4592025005?utm_source=Simplify&ref=Simplify,github,SimplifyJobs-GitHub,1mo,,True,False,False,False,False,fulltime,New graduate position at Applied Intuition. Visa sponsorship may be available. ,2025-11-07,2025-11-07T10:09:52.008514
WeRide,New Grads 2026 - General Software Engineer,"San Jose, CA",https://jobs.lever.co/weride/94562b95-f574-4a60-bfbf-0cafb5c8ea3d/apply?utm_source=Simplify&ref=Simplify,github,SimplifyJobs-GitHub,1mo,,True,False,False,False,False,fulltime,New graduate position at WeRide. Visa sponsorship may be available. ,2025-11-07,2025-11-07T10:09:52.008537
Alumni Ventures,Software Engineer â€“ Early Career,"Andover, MA",https://job-boards.greenhouse.io/alumniventures/jobs/4027838009?utm_source=Simplify&ref=Simplify,github,SimplifyJobs-GitHub,1mo,,True,False,False,False,False,fulltime,New graduate position at Alumni Ventures. Visa sponsorship may be available. ,2025-11-07,2025-11-07T10:09:52.008558
Macy's,Macy's Tech Early Careers - Software Engineer,"Johns Creek, GA",https://ebwh.fa.us2.oraclecloud.com/hcmUI/CandidateExperience/en/sites/CX_1001/jobs/job/80534?utm_source=Simplify&ref=Simplify,github,SimplifyJobs-GitHub,1mo,,True,False,False,False,False,fulltime,New graduate position at Macy's. Visa sponsorship may be available. ,2025-11-07,2025-11-07T10:09:52.008585
Anima,Software Engineer,Remote in USA,https://jobs.ashbyhq.com/Anima/a6b86f92-0679-423b-b575-a23f8677dfd1?utm_source=Simplify&ref=Simplify,github,SimplifyJobs-GitHub,1mo,,True,False,False,False,False,fulltime,New graduate position at Anima. Visa sponsorship may be available. ,2025-11-07,2025-11-07T10:09:52.008612
Konrad Group,Software Developer Entry Level,"Toronto, ON, Canada",https://boards.greenhouse.io/embed/job_app?token=7326972003&utm_source=Simplify&ref=Simplify,github,SimplifyJobs-GitHub,1mo,,True,False,False,False,False,fulltime,New graduate position at Konrad Group. Visa sponsorship may be available. ,2025-11-07,2025-11-07T10:09:52.008713
Expedia Group,Software Development Engineer I,"London, UK",https://expedia.wd108.myworkdayjobs.com/search/job/UK---London/Software-Development-Engineer-I_R-97728-1?utm_source=Simplify&ref=Simplify,github,SimplifyJobs-GitHub,1mo,,True,False,False,False,False,fulltime,New graduate position at Expedia Group. Visa sponsorship may be available. ,2025-11-07,2025-11-07T10:09:52.008743
Jane Street,Cybersecurity Analyst,"New York, NY",https://www.janestreet.com/join-jane-street/position/8053215002/?utm_source=Simplify&ref=Simplify,github,SimplifyJobs-GitHub,1mo,,True,False,False,False,False,fulltime,New graduate position at Jane Street. Visa sponsorship may be available. ,2025-11-07,2025-11-07T10:09:52.008763
LPL Financial Holdings,New Grad 2026 - Technology - Software Development,"Austin, TXFort Mill, SCSan Diego, CA",https://lplfinancial.wd1.myworkdayjobs.com/en-US/External/job/San-Diego-CA/New-Grad-2026---Technology--Software-Development_R-046207-1?utm_source=Simplify&ref=Simplify,github,SimplifyJobs-GitHub,1mo,,True,False,False,False,False,fulltime,New graduate position at LPL Financial Holdings. Visa sponsorship may be available. ,2025-11-07,2025-11-07T10:09:52.008785
Dayton Freight Lines,Entry Level Software Developer,"Dayton, OH",https://careers-daytonfreight.icims.com/jobs/16714/job?mobile=true&needsRedirect=false&utm_source=Simplify&ref=Simplify,github,SimplifyJobs-GitHub,1mo,,True,False,False,False,False,fulltime,New graduate position at Dayton Freight Lines. Visa sponsorship may be available. ,2025-11-07,2025-11-07T10:09:52.008804
Amentum,Entry Level Software Engineer,"Fredericksburg, VADahlgren, VA",https://pae.wd1.myworkdayjobs.com/en-US/amentum_careers/job/US-VA-Dahlgren/Entry-Level-Software-Engineer_R0145734?utm_source=Simplify&ref=Simplify,github,SimplifyJobs-GitHub,1mo,,True,False,False,False,False,fulltime,New graduate position at Amentum. Visa sponsorship may be available. ,2025-11-07,2025-11-07T10:09:52.008825
The Travelers Companies,Software Engineer I - Aws,"Hartford, CT",https://travelers.wd5.myworkdayjobs.com/External/job/CT---Hartford/Software-Engineer-I---AWS_R-46180?utm_source=Simplify&ref=Simplify,github,SimplifyJobs-GitHub,1mo,,True,False,False,False,False,fulltime,New graduate position at The Travelers Companies. Visa sponsorship may be available. ,2025-11-07,2025-11-07T10:09:52.008861
Trexquant,Software Engineer â€“ Early Career,"Stamford, CT",https://apply.workable.com/trexquant/j/11DC4EA360/apply?utm_source=Simplify&ref=Simplify,github,SimplifyJobs-GitHub,1mo,,True,False,False,False,False,fulltime,New graduate position at Trexquant. Visa sponsorship may be available. ,2025-11-07,2025-11-07T10:09:52.008881
Jahnel Group,Associate Software Engineer,"Schenectady, NY",https://www.jahnelgroup.com/apply.html?gh_jid=4160702007&utm_source=Simplify&ref=Simplify,github,SimplifyJobs-GitHub,1mo,,False,False,False,False,False,fulltime,New graduate position at Jahnel Group. Visa sponsorship NOT available. ,2025-11-07,2025-11-07T10:09:52.008901
Leidos,Junior Software Engineer,"Omaha, NE",https://leidos.wd5.myworkdayjobs.com/External/job/Omaha-NE/Junior-Software-Engineer_R-00166200?utm_source=Simplify&ref=Simplify,github,SimplifyJobs-GitHub,1mo,,True,False,False,False,False,fulltime,New graduate position at Leidos. Visa sponsorship may be available. ,2025-11-07,2025-11-07T10:09:52.008920
Epic,Infrastructure Engineer,"Madison, WI",https://epic.avature.net/Careers/FolderDetail/Infrastructure-Engineer/23505?utm_source=Simplify&ref=Simplify,github,SimplifyJobs-GitHub,1mo,,False,False,False,False,False,fulltime,New graduate position at Epic. Visa sponsorship NOT available. ,2025-11-07,2025-11-07T10:09:52.008939
Verkada,Frontend Software Engineer â€“ University Graduate 2026,"San Mateo, CA",https://job-boards.greenhouse.io/verkada/jobs/4855439007?utm_source=Simplify&ref=Simplify,github,SimplifyJobs-GitHub,2mo,,True,False,False,False,False,fulltime,New graduate position at Verkada. Visa sponsorship may be available. ,2025-11-07,2025-11-07T10:09:52.008958
Decagon,Agent Software Engineer â€“ New Grad - 2026 Start,NYC,https://jobs.ashbyhq.com/decagon/95a4707d-1def-481a-bb78-38a4b22b6891/application?utm_source=Simplify&ref=Simplify,github,SimplifyJobs-GitHub,2mo,,True,False,False,False,False,fulltime,New graduate position at Decagon. Visa sponsorship may be available. ,2025-11-07,2025-11-07T10:09:52.008982
Esri,Product Engineer 1 - User Assistance - Workflow Manager,"West Redlands, Redlands, CA",https://www.esri.com/careers/4847546007?gh_jid=4847546007&utm_source=Simplify&ref=Simplify,github,SimplifyJobs-GitHub,2mo,,True,False,False,False,False,fulltime,New graduate position at Esri. Visa sponsorship may be available. ,2025-11-07,2025-11-07T10:09:52.009001
Decagon,Software Engineer - New Grad,San FranciscoNew York,https://jobs.ashbyhq.com/decagon/2a435dd5-1212-42bb-ae5a-d7432902acd2?utm_source=Simplify&ref=Simplify,github,SimplifyJobs-GitHub,2mo,,False,False,False,False,False,fulltime,New graduate position at Decagon. Visa sponsorship NOT available. ,2025-11-07,2025-11-07T10:09:52.009020
Valkyrie Trading,Junior Software Engineer,"Chicago, IL",https://jobs.lever.co/valkyrietrading/b9907031-0625-49f9-9fbe-7b5618e3640c/apply?utm_source=Simplify&ref=Simplify,github,SimplifyJobs-GitHub,2mo,,True,False,False,False,False,fulltime,New graduate position at Valkyrie Trading. Visa sponsorship may be available. ,2025-11-07,2025-11-07T10:09:52.009039
WhatNot,Software Engineer â€“ 2026 New Grad,SFLANYC,https://jobs.ashbyhq.com/whatnot/bc8f8c7f-2c4c-4f43-a238-953568c101b8/application?utm_source=Simplify&ref=Simplify,github,SimplifyJobs-GitHub,2mo,,True,False,False,False,False,fulltime,New graduate position at WhatNot. Visa sponsorship may be available. ,2025-11-07,2025-11-07T10:09:52.009060
OffDeal,Founding Full Stack Engineer,NYC,https://jobs.ashbyhq.com/offdeal/92b99c6b-e4e1-4e18-8a21-01b341cd1a1a/application?utm_source=Simplify&ref=Simplify,github,SimplifyJobs-GitHub,2mo,,True,False,False,False,False,fulltime,New graduate position at OffDeal. Visa sponsorship may be available. ,2025-11-07,2025-11-07T10:09:52.009079
Hewlett Packard Enterprise,Software Engineering Graduate,"Ft. Collins, CO",https://hpe.wd5.myworkdayjobs.com/en-US/Jobsathpe/job/Ft-Collins-Colorado-United-States-of-America/Software-Engineering-Graduate--Colorado-_1193615-1?utm_source=Simplify&ref=Simplify,github,SimplifyJobs-GitHub,2mo,,True,False,False,False,False,fulltime,New graduate position at Hewlett Packard Enterprise. Visa sponsorship may be available. ,2025-11-07,2025-11-07T10:09:52.009097
ðŸ”¥ SpaceX,"New Graduate Engineer, Software (Starship)","Starbase, TX",https://job-boards.greenhouse.io/spacex/jobs/8144023002?gh_jid=8144023002&utm_source=Simplify&ref=Simplify,github,SimplifyJobs-GitHub,2mo,,True,True,False,False,False,fulltime,New graduate position at ðŸ”¥ SpaceX. US Citizenship required. Visa sponsorship may be available. ,2025-11-07,2025-11-07T10:09:52.009116
ðŸ”¥ Stripe,Software Engineer,"San Francisco, CASeattle, WA",https://stripe.com/jobs/listing/software-engineer-new-grad/7210112?utm_source=Simplify&ref=Simplify,github,SimplifyJobs-GitHub,2mo,,True,False,False,False,False,fulltime,New graduate position at ðŸ”¥ Stripe. Visa sponsorship may be available. ,2025-11-07,2025-11-07T10:09:52.009149
2K,US Engineering Graduate Program,"Novato, CA",https://job-boards.greenhouse.io/2k/jobs/6688546003?utm_source=Simplify&ref=Simplify,github,SimplifyJobs-GitHub,2mo,,True,False,False,False,False,fulltime,New graduate position at 2K. Visa sponsorship may be available. ,2025-11-07,2025-11-07T10:09:52.009166
Eluvio,Software Engineer New Grad - Msc/Bsc: AI - Core - Apps,"Berkeley, CA",https://apply.workable.com/eluvio/j/A349A0D2AF/apply?utm_source=Simplify&ref=Simplify,github,SimplifyJobs-GitHub,2mo,,True,False,False,False,False,fulltime,New graduate position at Eluvio. Visa sponsorship may be available. ,2025-11-07,2025-11-07T10:09:52.009185
Decagon,Agent Software Engineer â€“ New Grad - 2026 Start,SF,https://jobs.ashbyhq.com/decagon/2a435dd5-1212-42bb-ae5a-d7432902acd2/application?utm_source=Simplify&ref=Simplify,github,SimplifyJobs-GitHub,2mo,,True,False,False,False,False,fulltime,New graduate position at Decagon. Visa sponsorship may be available. ,2025-11-07,2025-11-07T10:09:52.009204
Glean,Software Engineer â€“ University Grad,"Palo Alto, CASF",https://job-boards.greenhouse.io/gleanwork/jobs/4592324005?utm_source=Simplify&ref=Simplify,github,SimplifyJobs-GitHub,2mo,,True,False,False,False,False,fulltime,New graduate position at Glean. Visa sponsorship may be available. ,2025-11-07,2025-11-07T10:09:52.009224
Dover,Product Engineer - Entry Level,"Allerton, IAOttumwa, IA",https://careers.dovercorporation.com/job/Keosauqua-Product-Engineer-IA-52565/1243842701/?ats=successfactors&utm_source=Simplify&ref=Simplify,github,SimplifyJobs-GitHub,2mo,,True,False,False,False,False,fulltime,New graduate position at Dover. Visa sponsorship may be available. ,2025-11-07,2025-11-07T10:09:52.009243
TripAdvisor,Software Engineer I - Frontend Focus - Viator,"London, UKOxford, UK",https://job-boards.greenhouse.io/tripadvisor/jobs/6977655?utm_source=Simplify&ref=Simplify,github,SimplifyJobs-GitHub,2mo,,True,False,False,False,False,fulltime,New graduate position at TripAdvisor. Visa sponsorship may be available. ,2025-11-07,2025-11-07T10:09:52.009262
Ivo,Software Engineer,"San Francisco, CA",https://jobs.lever.co/ivo/1629cbb2-c07c-4214-a1e2-b4e96c9cc66c?utm_source=Simplify&ref=Simplify,github,SimplifyJobs-GitHub,2mo,,True,False,False,False,False,fulltime,New graduate position at Ivo. Visa sponsorship may be available. ,2025-11-07,2025-11-07T10:09:52.009280
ðŸ”¥ Stripe,Software Engineer â€“ New Grad,"Seattle, WASF",https://stripe.com/jobs/search?gh_jid=7210112&utm_source=Simplify&ref=Simplify,github,SimplifyJobs-GitHub,2mo,,True,False,False,False,False,fulltime,New graduate position at ðŸ”¥ Stripe. Visa sponsorship may be available. ,2025-11-07,2025-11-07T10:09:52.009299
ðŸ”¥ Roblox,Software Engineer â€“ Early Career,"Vancouver, BC, Canada",https://careers.roblox.com/jobs/7206214?gh_jid=7206214&utm_source=Simplify&ref=Simplify,github,SimplifyJobs-GitHub,2mo,,True,False,False,False,False,fulltime,New graduate position at ðŸ”¥ Roblox. Visa sponsorship may be available. ,2025-11-07,2025-11-07T10:09:52.009355
ðŸ”¥ IBM,Software Developer,"14 locationsSandy Springs, GAPoughkeepsie, NYLowell, MARochester, MNTucson, AZResearch Triangle Park, NCDurham, NCHopewell Junction, NYSan Jose, CADallas, TXHouston, TXAustin, TXHerndon, VANew York, NY",https://ibmglobal.avature.net/en_US/careers/JobDetail?jobId=56285&utm_source=Simplify&ref=Simplify,github,SimplifyJobs-GitHub,2mo,,False,False,False,False,False,fulltime,New graduate position at ðŸ”¥ IBM. Visa sponsorship NOT available. ,2025-11-07,2025-11-07T10:09:52.009381
Sierra,Software Engineer â€“ New Grad - Agent,SF,https://jobs.ashbyhq.com/Sierra/6a75b530-b7bb-4439-bb67-37b4f2b75b96/application?utm_source=Simplify&ref=Simplify,github,SimplifyJobs-GitHub,2mo,,True,False,False,False,False,fulltime,New graduate position at Sierra. Visa sponsorship may be available. ,2025-11-07,2025-11-07T10:09:52.009400
ðŸ”¥ Oracle,Undergrad Software Engineer - Oracle Cloud Infrastructure (OCI),"Seattle, WA",https://careers.oracle.com/en/sites/jobsearch/job/305990?utm_source=Simplify&ref=Simplify,github,SimplifyJobs-GitHub,2mo,,False,False,False,False,False,fulltime,New graduate position at ðŸ”¥ Oracle. Visa sponsorship NOT available. ,2025-11-07,2025-11-07T10:09:52.009419
ðŸ”¥ TikTok,AI/ML Software Engineer Graduate (Data Platform TikTok BP),"San Jose, CA",https://lifeattiktok.com/search/7541178634444589319?utm_source=Simplify&ref=Simplify,github,SimplifyJobs-GitHub,2mo,,True,False,False,False,False,fulltime,New graduate position at ðŸ”¥ TikTok. Visa sponsorship may be available. ,2025-11-07,2025-11-07T10:09:52.009454
ðŸ”¥ ByteDance,Machine Learning Graduate (eCommerce User Growth & Intelligent Marketing),"San Jose, CA",https://joinbytedance.com/search/7542657938525538578?utm_source=Simplify&ref=Simplify,github,SimplifyJobs-GitHub,2mo,,True,False,False,False,False,fulltime,New graduate position at ðŸ”¥ ByteDance. Visa sponsorship may be available. ,2025-11-07,2025-11-07T10:09:52.009507
ðŸ”¥ Samsara,New Grad â€“ Software Engineering,SF,https://www.samsara.com/company/careers/roles/7172579?gh_jid=7172579&utm_source=Simplify&ref=Simplify,github,SimplifyJobs-GitHub,2mo,,True,False,False,False,False,fulltime,New graduate position at ðŸ”¥ Samsara. Visa sponsorship may be available. ,2025-11-07,2025-11-07T10:09:52.009552
Abridge,Full Stack Engineering,"San Francisco, CA",https://jobs.ashbyhq.com/abridge/55958eb5-109f-4e88-9793-ed2327fc753a?utm_source=Simplify&ref=Simplify,github,SimplifyJobs-GitHub,2mo,,True,False,False,False,False,fulltime,New graduate position at Abridge. Visa sponsorship may be available. ,2025-11-07,2025-11-07T10:09:52.009573
Cape,Software Engineer,"New York, NYWashington, DC",https://jobs.ashbyhq.com/Cape/bd280ded-4298-47de-a186-1aebd1bd94b8?utm_source=Simplify&ref=Simplify,github,SimplifyJobs-GitHub,2mo,,True,False,False,False,False,fulltime,New graduate position at Cape. Visa sponsorship may be available. ,2025-11-07,2025-11-07T10:09:52.009592
Susquehanna,Software Developer,"Lower Merion Township, PA",https://careers-sig.icims.com/jobs/9716/software-developer---sprc---new-grad/job?utm_source=Simplify&ref=Simplify,github,SimplifyJobs-GitHub,2mo,,True,False,False,False,False,fulltime,New graduate position at Susquehanna. Visa sponsorship may be available. ,2025-11-07,2025-11-07T10:09:52.009611
Abridge,Full Stack Engineer - New Grad - Product Engineering - Typescript - React - Next.js,SF,https://jobs.ashbyhq.com/abridge/55958eb5-109f-4e88-9793-ed2327fc753a/application?utm_source=Simplify&ref=Simplify,github,SimplifyJobs-GitHub,2mo,,True,False,False,False,False,fulltime,New graduate position at Abridge. Visa sponsorship may be available. ,2025-11-07,2025-11-07T10:09:52.009630
ðŸ”¥ Adobe,2026 University Graduate - Software Engineer,"7 locationsSeattle, WASFAustin, TXSan Jose, CAWaltham, MANYCLehi, UT",https://adobe.wd5.myworkdayjobs.com/external_experienced/job/San-Jose/XMLNAME-2026-University-Graduate---Software-Engineer_R158684?utm_source=Simplify&ref=Simplify,github,SimplifyJobs-GitHub,2mo,,True,False,False,False,False,fulltime,New graduate position at ðŸ”¥ Adobe. Visa sponsorship may be available. ,2025-11-07,2025-11-07T10:09:52.009654
GM financial,Software Development Engineer I,"Arlington, TX",https://fa-exvu-saasfaprod1.fa.ocs.oraclecloud.com/hcmUI/CandidateExperience/en/sites/CX_1/jobs/job/557?utm_source=Simplify&ref=Simplify,github,SimplifyJobs-GitHub,2mo,,True,False,False,False,False,fulltime,New graduate position at GM financial. Visa sponsorship may be available. ,2025-11-07,2025-11-07T10:09:52.009673
Zip,Software Engineer â€“ New Grad - 2026 Start,"Toronto, ON, Canada",https://jobs.ashbyhq.com/zip/ab7f23fa-a07e-4061-9400-622d56de67e4/application?utm_source=Simplify&ref=Simplify,github,SimplifyJobs-GitHub,2mo,,True,False,False,False,False,fulltime,New graduate position at Zip. Visa sponsorship may be available. ,2025-11-07,2025-11-07T10:09:52.009692
YouVersion,Associate Software Engineer,"Edmond, OK",https://jobs.lever.co/life/99fdfce1-f0d6-48f8-8ad8-b22b4d6561bf?utm_source=Simplify&ref=Simplify,github,SimplifyJobs-GitHub,2mo,,True,False,False,False,False,fulltime,New graduate position at YouVersion. Visa sponsorship may be available. ,2025-11-07,2025-11-07T10:09:52.009710
Nodal,Software Engineer,"Tysons Corner, VA",https://nodalexchange.pinpointhq.com/postings/7dfa5f35-8585-4681-bad7-5f26b87bdc47?utm_source=Simplify&ref=Simplify,github,SimplifyJobs-GitHub,2mo,,True,False,False,False,False,fulltime,New graduate position at Nodal. Visa sponsorship may be available. ,2025-11-07,2025-11-07T10:09:52.009728
Vail,"Software Engineer, Test & Infrastructure I","Chicago, IL",https://jobs.lever.co/vailsys/aac4a828-c88d-4bc1-bf94-324e7ba4ddc9?utm_source=Simplify&ref=Simplify,github,SimplifyJobs-GitHub,2mo,,True,False,False,False,False,fulltime,New graduate position at Vail. Visa sponsorship may be available. ,2025-11-07,2025-11-07T10:09:52.009747
Applied Intuition,Software Engineer â€“ New Grad,"Ann Arbor, MI",https://boards.greenhouse.io/appliedintuition/jobs/4600028005?utm_source=Simplify&ref=Simplify,github,SimplifyJobs-GitHub,2mo,,True,False,False,False,False,fulltime,New graduate position at Applied Intuition. Visa sponsorship may be available. ,2025-11-07,2025-11-07T10:09:52.009767
Nominal,Software Engineer,"New York, NYLos Angeles, CAAustin, TX",https://jobs.lever.co/nominal/cc79d7f9-93b9-4410-8435-d92d2f427215?utm_source=Simplify&ref=Simplify,github,SimplifyJobs-GitHub,2mo,,True,True,False,False,False,fulltime,New graduate position at Nominal. US Citizenship required. Visa sponsorship may be available. ,2025-11-07,2025-11-07T10:09:52.009801
ðŸ”¥ Oracle,Undergrad Cloud Engineer - Full-time Intern Conversion,"Redwood City, CA",https://careers.oracle.com/en/sites/jobsearch/job/305127?utm_source=Simplify&ref=Simplify,github,SimplifyJobs-GitHub,2mo,,False,False,False,False,False,fulltime,New graduate position at ðŸ”¥ Oracle. Visa sponsorship NOT available. ,2025-11-07,2025-11-07T10:09:52.009824
ðŸ”¥ TikTok,Software Engineer Graduate (Video-on-Demand Algorithm),"San Jose, CA",https://lifeattiktok.com/search/7538319953965287698?utm_source=Simplify&ref=Simplify,github,SimplifyJobs-GitHub,2mo,,True,False,False,False,False,fulltime,New graduate position at ðŸ”¥ TikTok. Visa sponsorship may be available. ,2025-11-07,2025-11-07T10:09:52.009843
ðŸ”¥ ByteDance,Software Engineer in ML Systems Graduate,"San Jose, CA",https://joinbytedance.com/search/7265752342699837757?utm_source=Simplify&ref=Simplify,github,SimplifyJobs-GitHub,2mo,,True,False,False,False,False,fulltime,New graduate position at ðŸ”¥ ByteDance. Visa sponsorship may be available. ,2025-11-07,2025-11-07T10:09:52.009874
ðŸ”¥ Palantir,Software Engineer â€“ New Grad - Infrastructure,"Palo Alto, CA",https://jobs.lever.co/palantir/7d75bed5-45d8-4876-840a-2d92ea79c98d/apply?utm_source=Simplify&ref=Simplify,github,SimplifyJobs-GitHub,2mo,,True,False,False,False,False,fulltime,New graduate position at ðŸ”¥ Palantir. Visa sponsorship may be available. ,2025-11-07,2025-11-07T10:09:52.009894
ðŸ”¥ ByteDance,Software Engineer Graduate (Edge Platform),"San Jose, CA",https://joinbytedance.com/search/7538120693880834322?utm_source=Simplify&ref=Simplify,github,SimplifyJobs-GitHub,2mo,,True,False,False,False,False,fulltime,New graduate position at ðŸ”¥ ByteDance. Visa sponsorship may be available. ,2025-11-07,2025-11-07T10:09:52.009912
ðŸ”¥ TikTok,Software Engineer Graduate (Commerce Ads),"San Jose, CA",https://lifeattiktok.com/search/7538213896365689096?utm_source=Simplify&ref=Simplify,github,SimplifyJobs-GitHub,2mo,,True,False,False,False,False,fulltime,New graduate position at ðŸ”¥ TikTok. Visa sponsorship may be available. ,2025-11-07,2025-11-07T10:09:52.009930
Robin,Associate Software Engineer (AI-Native),"Boston, MA",https://jobs.lever.co/robinpowered/5b7a72e0-480a-49b6-a4cf-78ee0c6b6ce9?utm_source=Simplify&ref=Simplify,github,SimplifyJobs-GitHub,2mo,,True,False,False,False,False,fulltime,New graduate position at Robin. Visa sponsorship may be available. ,2025-11-07,2025-11-07T10:09:52.009973
Canonical,Software Engineer - Python - Cloud,Remote in USA,https://job-boards.greenhouse.io/canonical/jobs/3257589?utm_source=Simplify&ref=Simplify,github,SimplifyJobs-GitHub,2mo,,False,False,False,False,False,fulltime,New graduate position at Canonical. Visa sponsorship NOT available. ,2025-11-07,2025-11-07T10:09:52.009992
Prosidian Consulting,ITSM IT Security Engineer I,"Boulder, CO",https://jobs.smartrecruiters.com/prosidianconsulting/743999691983726?utm_source=Simplify&ref=Simplify,github,SimplifyJobs-GitHub,2mo,,True,False,False,False,False,fulltime,New graduate position at Prosidian Consulting. Visa sponsorship may be available. ,2025-11-07,2025-11-07T10:09:52.010011
Anduril,Early Career Software Engineer,"Washington, DC",https://boards.greenhouse.io/andurilindustries/jobs/4824369007?utm_source=Simplify&ref=Simplify,github,SimplifyJobs-GitHub,2mo,,True,False,False,False,False,fulltime,New graduate position at Anduril. Visa sponsorship may be available. ,2025-11-07,2025-11-07T10:09:52.010045
The Travelers Companies,Software Engineer I - AWS/Node/React/AI,"Atlanta, GA",https://travelers.wd5.myworkdayjobs.com/External/job/GA---Atlanta/Software-Engineer-I--AWS-Node-React-AI-_R-46114?utm_source=Simplify&ref=Simplify,github,SimplifyJobs-GitHub,2mo,,True,False,False,False,False,fulltime,New graduate position at The Travelers Companies. Visa sponsorship may be available. ,2025-11-07,2025-11-07T10:09:52.010064
Suno,Software Engineer â€“ Early Career,"Boston, MANew York, NY",https://jobs.ashbyhq.com/suno/991c9785-9bd5-499a-98aa-146e8c947752/application?utm_source=Simplify&ref=Simplify,github,SimplifyJobs-GitHub,2mo,,True,False,False,False,False,fulltime,New graduate position at Suno. Visa sponsorship may be available. ,2025-11-07,2025-11-07T10:09:52.010100
Anduril,Early Career Software Engineer,"Boston, MA",https://boards.greenhouse.io/andurilindustries/jobs/4824362007?utm_source=Simplify&ref=Simplify,github,SimplifyJobs-GitHub,2mo,,True,False,False,False,False,fulltime,New graduate position at Anduril. Visa sponsorship may be available. ,2025-11-07,2025-11-07T10:09:52.010123
Anduril Industries,Early Career Software Engineer,"Atlanta, GA",https://job-boards.greenhouse.io/andurilindustries/jobs/4824378007?gh_jid=4824378007&utm_source=Simplify&ref=Simplify,github,SimplifyJobs-GitHub,2mo,,True,True,False,False,False,fulltime,New graduate position at Anduril Industries. US Citizenship required. Visa sponsorship may be available. ,2025-11-07,2025-11-07T10:09:52.010156
ðŸ”¥ ByteDance,Software Engineer Graduate (Dev Infra) - 2026 Start (BS/MS),"San Jose, CA",https://joinbytedance.com/search/7536272435440716040?utm_source=Simplify&ref=Simplify,github,SimplifyJobs-GitHub,2mo,,True,False,False,False,False,fulltime,New graduate position at ðŸ”¥ ByteDance. Visa sponsorship may be available. ,2025-11-07,2025-11-07T10:09:52.010200
AG Technologies,Hiring Entry Level Software Engineer,"Chesterfield, MO",https://jobs.smartrecruiters.com/AGTechnologies1/112718194?utm_source=Simplify&ref=Simplify,github,SimplifyJobs-GitHub,2mo,,True,False,False,False,True,fulltime,New graduate position at AG Technologies. Visa sponsorship may be available. Advanced degree (Master's/PhD) required. ,2025-11-07,2025-11-07T10:09:52.010221
Apex Fintech Solutions,Software Engineer I (ALDP),"Austin, TX",https://peak6group.wd1.myworkdayjobs.com/en-US/apexfintechsolutions/job/Austin-TX/Software-Engineer-I--ALDP-_JR103414-1?utm_source=Simplify&ref=Simplify,github,SimplifyJobs-GitHub,2mo,,True,False,False,False,False,fulltime,New graduate position at Apex Fintech Solutions. Visa sponsorship may be available. ,2025-11-07,2025-11-07T10:09:52.010383
Folia Health,Junior Software Engineer,"Boston, MA",https://job-boards.greenhouse.io/foliahealth/jobs/4013590009?utm_source=Simplify&ref=Simplify,github,SimplifyJobs-GitHub,2mo,,False,False,False,False,False,fulltime,New graduate position at Folia Health. Visa sponsorship NOT available. ,2025-11-07,2025-11-07T10:09:52.010401
Sev1Tech,Software Developer - Entry Level,"Fort Sill, OK",https://careers-sev1tech.icims.com/jobs/9092/software-developer---entry-level/job?utm_source=Simplify&ref=Simplify,github,SimplifyJobs-GitHub,2mo,,True,True,False,False,False,fulltime,New graduate position at Sev1Tech. US Citizenship required. Visa sponsorship may be available. ,2025-11-07,2025-11-07T10:09:52.010419
BRM,Entry Level Software Engineer,"San Francisco, CA",https://jobs.ashbyhq.com/brm.ai/05cad7f7-2194-480d-8e70-7338cfd2a189?utm_source=Simplify&ref=Simplify,github,SimplifyJobs-GitHub,2mo,,True,False,False,False,False,fulltime,New graduate position at BRM. Visa sponsorship may be available. ,2025-11-07,2025-11-07T10:09:52.010438
Citadel Securities,C++ Software Engineer,"Miami, FLLondon, UK",https://www.citadelsecurities.com/careers/details/c-software-engineer-4/?utm_source=Simplify&ref=Simplify,github,SimplifyJobs-GitHub,2mo,,True,False,False,False,False,fulltime,New graduate position at Citadel Securities. Visa sponsorship may be available. ,2025-11-07,2025-11-07T10:09:52.010456
Suno,Software Engineer,"Boston, MANew York, NY",https://jobs.ashbyhq.com/suno/991c9785-9bd5-499a-98aa-146e8c947752?utm_source=Simplify&ref=Simplify,github,SimplifyJobs-GitHub,2mo,,False,False,False,False,False,fulltime,New graduate position at Suno. Visa sponsorship NOT available. ,2025-11-07,2025-11-07T10:09:52.010475
Apex Fintech Solutions,Software Engineer I - Aldp,"Austin, TX",https://peak6group.wd1.myworkdayjobs.com/apexfintechsolutions/job/Austin-TX/Software-Engineer-I--ALDP-_JR103414-1?utm_source=Simplify&ref=Simplify,github,SimplifyJobs-GitHub,2mo,,True,False,False,False,False,fulltime,New graduate position at Apex Fintech Solutions. Visa sponsorship may be available. ,2025-11-07,2025-11-07T10:09:52.010495
AG Technologies,Hiring Entry Level Software Engineer,"San Francisco, CA",https://jobs.smartrecruiters.com/AGTechnologies1/743999655719751?utm_source=Simplify&ref=Simplify,github,SimplifyJobs-GitHub,2mo,,True,False,False,False,False,fulltime,New graduate position at AG Technologies. Visa sponsorship may be available. ,2025-11-07,2025-11-07T10:09:52.010514
Applied Intuition,Software Engineer,"Mountain View, CA",https://job-boards.greenhouse.io/appliedintuition/jobs/4592025005?gh_jid=4592025005&utm_source=Simplify&ref=Simplify,github,SimplifyJobs-GitHub,2mo,,True,False,False,False,False,fulltime,New graduate position at Applied Intuition. Visa sponsorship may be available. ,2025-11-07,2025-11-07T10:09:52.010532
AG Technologies,Entry Level Software Engineer,"Chesterfield, MO",https://jobs.smartrecruiters.com/AGTechnologies1/100730616?utm_source=Simplify&ref=Simplify,github,SimplifyJobs-GitHub,2mo,,True,False,False,False,True,fulltime,New graduate position at AG Technologies. Visa sponsorship may be available. Advanced degree (Master's/PhD) required. ,2025-11-07,2025-11-07T10:09:52.010552
Applied Intuition,Software Engineer - New Grad,"Mountain View, CA",https://job-boards.greenhouse.io/appliedintuition/jobs/4592025005?utm_source=Simplify&ref=Simplify,github,SimplifyJobs-GitHub,2mo,,True,False,False,False,False,fulltime,New graduate position at Applied Intuition. Visa sponsorship may be available. ,2025-11-07,2025-11-07T10:09:52.010585
Anduril Industries,Early Career Software Engineer,"Seattle, WA",https://boards.greenhouse.io/andurilindustries/jobs/4824364007?utm_source=Simplify&ref=Simplify,github,SimplifyJobs-GitHub,2mo,,True,True,False,False,False,fulltime,New graduate position at Anduril Industries. US Citizenship required. Visa sponsorship may be available. ,2025-11-07,2025-11-07T10:09:52.010605
AG Technologies,Hiring Entry Level Software Engineer,"San Jose, CA",https://jobs.smartrecruiters.com/AGTechnologies1/743999655794970?utm_source=Simplify&ref=Simplify,github,SimplifyJobs-GitHub,2mo,,True,False,False,False,True,fulltime,New graduate position at AG Technologies. Visa sponsorship may be available. Advanced degree (Master's/PhD) required. ,2025-11-07,2025-11-07T10:09:52.010625
Prosidian Consulting,ITSM IT Security Engineer I,"Washington, DC",https://jobs.smartrecruiters.com/prosidianconsulting/743999691677974?utm_source=Simplify&ref=Simplify,github,SimplifyJobs-GitHub,2mo,,True,True,False,False,False,fulltime,New graduate position at Prosidian Consulting. US Citizenship required. Visa sponsorship may be available. ,2025-11-07,2025-11-07T10:09:52.010645
Anduril Industries,"Software Engineer, Connected Warfare","Costa Mesa, CA",https://job-boards.greenhouse.io/andurilindustries/jobs/4776690007?gh_jid=4776690007&gh_src=&utm_source=Simplify&ref=Simplify,github,SimplifyJobs-GitHub,2mo,,True,True,False,False,False,fulltime,New graduate position at Anduril Industries. US Citizenship required. Visa sponsorship may be available. ,2025-11-07,2025-11-07T10:09:52.010664
AG Technologies,Hiring Entry Level Software Engineer,"San Diego, CA",https://jobs.smartrecruiters.com/AGTechnologies1/743999652483007?utm_source=Simplify&ref=Simplify,github,SimplifyJobs-GitHub,2mo,,True,False,False,False,True,fulltime,New graduate position at AG Technologies. Visa sponsorship may be available. Advanced degree (Master's/PhD) required. ,2025-11-07,2025-11-07T10:09:52.010696
ðŸ”¥ Databricks,Software Engineer â€“ New Grad - Distributed Data Systems - 2025 Start,"Bellevue, WAMountain View, CA",https://boards.greenhouse.io/embed/job_app?token=6865704002&utm_source=Simplify&ref=Simplify,github,SimplifyJobs-GitHub,3mo,,True,False,False,False,False,fulltime,New graduate position at ðŸ”¥ Databricks. Visa sponsorship may be available. ,2025-11-07,2025-11-07T10:09:52.010801
ðŸ”¥ TikTok,Software Engineer Graduate Social - 2026 Start,"Los Angeles, CA",https://lifeattiktok.com/search/7532626482364909842?spread=5MWH5CQ&utm_source=Simplify&ref=Simplify,github,SimplifyJobs-GitHub,3mo,,True,False,False,False,False,fulltime,New graduate position at ðŸ”¥ TikTok. Visa sponsorship may be available. ,2025-11-07,2025-11-07T10:09:52.010834
ðŸ”¥ Roblox,Software Engineer â€“ Early Career,"San Mateo, CA",https://careers.roblox.com/jobs/7114754?gh_jid=7114754&utm_source=Simplify&ref=Simplify,github,SimplifyJobs-GitHub,3mo,,True,False,False,False,False,fulltime,New graduate position at ðŸ”¥ Roblox. Visa sponsorship may be available. ,2025-11-07,2025-11-07T10:09:52.010866
Five Rings,Software Developer,"New York, NY",https://job-boards.greenhouse.io/fiveringsllc/jobs/4816999008?utm_source=Simplify&ref=Simplify,github,SimplifyJobs-GitHub,3mo,,True,False,False,False,False,fulltime,New graduate position at Five Rings. Visa sponsorship may be available. ,2025-11-07,2025-11-07T10:09:52.010883
BRM,Entry Level Software Engineer,"San Francisco, CA",https://jobs.ashbyhq.com/brm.ai/05cad7f7-2194-480d-8e70-7338cfd2a189/application?utm_source=Simplify&ref=Simplify,github,SimplifyJobs-GitHub,3mo,,True,False,False,False,False,fulltime,New graduate position at BRM. Visa sponsorship may be available. ,2025-11-07,2025-11-07T10:09:52.010902
ðŸ”¥ Ramp,Software Engineer - Frontend,"New York, NY",https://jobs.ashbyhq.com/ramp/a1229aec-1105-4c47-8533-b912e732ed89?utm_source=Simplify&ref=Simplify,github,SimplifyJobs-GitHub,3mo,,True,False,False,False,False,fulltime,New graduate position at ðŸ”¥ Ramp. Visa sponsorship may be available. ,2025-11-07,2025-11-07T10:09:52.010920
ðŸ”¥ ByteDance,Backend Software Engineer (Customer Service Platform) - 2026 Start (BS/MS),"Seattle, WA",https://jobs.bytedance.com/en/position/7527836662400026898/detail?utm_source=Simplify&ref=Simplify,github,SimplifyJobs-GitHub,3mo,,True,False,False,False,False,fulltime,New graduate position at ðŸ”¥ ByteDance. Visa sponsorship may be available. ,2025-11-07,2025-11-07T10:09:52.010937
ðŸ”¥ TikTok,"Software Engineer, Short Video - 2026 Start (BS/MS)","Los Angeles, CA",https://lifeattiktok.com/search/7532629935644002578?utm_source=Simplify&ref=Simplify,github,SimplifyJobs-GitHub,3mo,,True,False,False,False,False,fulltime,New graduate position at ðŸ”¥ TikTok. Visa sponsorship may be available. ,2025-11-07,2025-11-07T10:09:52.010968
JPMorganChase,Software Engineer,"10 locationsWilmington, DEAustin, TXChicago, ILColumbus, OHHouston, TXJersey City, NJNew York, NYPalo Alto, CAPlano, TXTampa, FL",https://jpmc.fa.oraclecloud.com/hcmUI/CandidateExperience/en/sites/CX_1001/job/210649942?utm_source=Simplify&ref=Simplify,github,SimplifyJobs-GitHub,3mo,,False,False,False,False,False,fulltime,New graduate position at JPMorganChase. Visa sponsorship NOT available. ,2025-11-07,2025-11-07T10:09:52.011096
ðŸ”¥ TikTok,New Grad 2026: Software Engineer/Mobile Engineer Graduate (Monetization Technology - Ads Core Demonstration),"San Jose, CA",https://lifeattiktok.com/search/7532436539684702471?utm_source=Simplify&ref=Simplify,github,SimplifyJobs-GitHub,3mo,,True,False,False,False,False,fulltime,New graduate position at ðŸ”¥ TikTok. Visa sponsorship may be available. ,2025-11-07,2025-11-07T10:09:52.011134
ðŸ”¥ Ramp,University Grad - Software Engineer - Frontend,NYC,https://jobs.ashbyhq.com/ramp/a1229aec-1105-4c47-8533-b912e732ed89/application?utm_source=Simplify&ref=Simplify,github,SimplifyJobs-GitHub,3mo,,True,False,False,False,False,fulltime,New graduate position at ðŸ”¥ Ramp. Visa sponsorship may be available. ,2025-11-07,2025-11-07T10:09:52.011154
ðŸ”¥ Palantir,Software Engineer â€“ New Grad - Production Infrastructure,"London, UK",https://jobs.lever.co/palantir/3f4dd595-2f57-4b5f-a50a-8d3084641ef8/apply?utm_source=Simplify&ref=Simplify,github,SimplifyJobs-GitHub,3mo,,True,False,False,False,False,fulltime,New graduate position at ðŸ”¥ Palantir. Visa sponsorship may be available. ,2025-11-07,2025-11-07T10:09:52.011173
Supernova Technology,Junior Software Engineer - Multiple Teams,"Chicago, IL",https://jobs.lever.co/supernovacompanies/68e224c9-e125-4e3f-9acd-065c0fc94bba/apply?utm_source=Simplify&ref=Simplify,github,SimplifyJobs-GitHub,3mo,,True,False,False,False,False,fulltime,New graduate position at Supernova Technology. Visa sponsorship may be available. ,2025-11-07,2025-11-07T10:09:52.011235
Northslope Technologies,Forward Deployed Software Engineer â€“ New Grad,"New York, NYLondon, UK",https://jobs.ashbyhq.com/northslope-technologies/7ccd126f-b127-4526-87f1-57408919c30a/application?utm_source=Simplify&ref=Simplify,github,SimplifyJobs-GitHub,3mo,,True,False,False,False,False,fulltime,New graduate position at Northslope Technologies. Visa sponsorship may be available. ,2025-11-07,2025-11-07T10:09:52.011255
TripAdvisor,Software Engineer I - Backend Focus - Viator,"London, UKOxford, UK",https://job-boards.greenhouse.io/tripadvisor/jobs/6903058?utm_source=Simplify&ref=Simplify,github,SimplifyJobs-GitHub,3mo,,True,False,False,False,False,fulltime,New graduate position at TripAdvisor. Visa sponsorship may be available. ,2025-11-07,2025-11-07T10:09:52.011275
mthree,Junior Software Engineer,"4 locationsSalt Lake, UTHouston, TXDalla, TXNew York, NY",https://job-boards.greenhouse.io/mthreerecruitingportal/jobs/4406180006?utm_source=Simplify&ref=Simplify,github,SimplifyJobs-GitHub,3mo,,True,False,False,False,False,fulltime,New graduate position at mthree. Visa sponsorship may be available. ,2025-11-07,2025-11-07T10:09:52.011296
Wyetech,Software Engineer 1,"Annapolis Junction, MD",https://jobs.lever.co/wyetechllc/08805fb2-ec83-47ba-a4bb-a82e47805e94/apply?utm_source=Simplify&ref=Simplify,github,SimplifyJobs-GitHub,3mo,,True,False,False,False,False,fulltime,New graduate position at Wyetech. Visa sponsorship may be available. ,2025-11-07,2025-11-07T10:09:52.011316
EvenUp,Software Engineer â€“ New Graduate,"San Francisco, CAToronto, ON",https://jobs.ashbyhq.com/evenup/213e42cf-903d-4578-b3b5-df187780920d/application?utm_source=Simplify&ref=Simplify,github,SimplifyJobs-GitHub,3mo,,True,False,False,False,False,fulltime,New graduate position at EvenUp. Visa sponsorship may be available. ,2025-11-07,2025-11-07T10:09:52.011335
Citadel Securities,Software Engineer â€“ University Graduate,"Miami, FLNew York, NY",https://www.citadelsecurities.com/careers/details/software-engineer-university-graduate-us/?utm_source=Simplify&ref=Simplify,github,SimplifyJobs-GitHub,3mo,,True,False,False,False,False,fulltime,New graduate position at Citadel Securities. Visa sponsorship may be available. ,2025-11-07,2025-11-07T10:09:52.011355
Candid Health,Forward Deployed Software Engineer New Grad,"San Francisco, CANew York, NYDenver, CO",https://jobs.ashbyhq.com/candidhealth/8d1922f8-e89d-433e-a21f-b724eabc003b/application?utm_source=Simplify&ref=Simplify,github,SimplifyJobs-GitHub,4mo,,True,False,False,False,False,fulltime,New graduate position at Candid Health. Visa sponsorship may be available. ,2025-11-07,2025-11-07T10:09:52.011375
ðŸ”¥ Palantir,Software Engineer â€“ New Grad - Infrastructure,"New York, NY",https://jobs.lever.co/palantir/4abf26b4-795c-420a-bf22-1ab98db268b4/apply?utm_source=Simplify&ref=Simplify,github,SimplifyJobs-GitHub,4mo,,True,False,False,False,False,fulltime,New graduate position at ðŸ”¥ Palantir. Visa sponsorship may be available. ,2025-11-07,2025-11-07T10:09:52.011394
WebFX,Entry Level Software Engineer,"Harrisburg, PA",https://jobs.lever.co/webfx/7c15f9e7-6ca5-4188-887e-3b147485c58f/apply?utm_source=Simplify&ref=Simplify,github,SimplifyJobs-GitHub,4mo,,True,False,False,False,False,fulltime,New graduate position at WebFX. Visa sponsorship may be available. ,2025-11-07,2025-11-07T10:09:52.011517
