company,title,location,job_url,site,source,posted_ago,days_ago,date_posted,freshness_score,is_fresh,level,category,job_type,is_faang,is_tier1,description,collected_at
Unknown,üü¢ **Google**,STEP Internship,https://github.com/zapplyjobs/New-Grad-Jobs,zapply,Zapply-GitHub,[Apply](https://careers.google.com/students/),,2025-11-07,50,False,Various,Software Engineering,fulltime,False,False,Various position at Unknown in Software Engineering. Posted [Apply](https://careers.google.com/students/). ,2025-11-07T10:09:56.854290
Unknown,üü¶ **Microsoft**,Software Engineering Internship,https://github.com/zapplyjobs/New-Grad-Jobs,zapply,Zapply-GitHub,[Apply](https://careers.microsoft.com/students),,2025-11-07,50,False,Various,Software Engineering,fulltime,False,False,Various position at Unknown in Software Engineering. Posted [Apply](https://careers.microsoft.com/students). ,2025-11-07T10:09:56.854308
Unknown,üîµ **Meta**,Software Engineer Internship,https://github.com/zapplyjobs/New-Grad-Jobs,zapply,Zapply-GitHub,[Apply](https://careers.meta.com/students),,2025-11-07,50,False,Various,Software Engineering,fulltime,False,False,Various position at Unknown in Software Engineering. Posted [Apply](https://careers.meta.com/students). ,2025-11-07T10:09:56.854321
Unknown,üì¶ **Amazon**,SDE Internship,https://github.com/zapplyjobs/New-Grad-Jobs,zapply,Zapply-GitHub,[Apply](https://amazon.jobs/internships),,2025-11-07,50,False,Various,Software Engineering,fulltime,False,False,Various position at Unknown in Software Engineering. Posted [Apply](https://amazon.jobs/internships). ,2025-11-07T10:09:56.854333
Unknown,üçé **Apple**,Software Engineering Internship,https://github.com/zapplyjobs/New-Grad-Jobs,zapply,Zapply-GitHub,[Apply](https://jobs.apple.com/students),,2025-11-07,50,False,Various,Software Engineering,fulltime,False,False,Various position at Unknown in Software Engineering. Posted [Apply](https://jobs.apple.com/students). ,2025-11-07T10:09:56.854344
Unknown,üé¨ **Netflix**,Software Engineering Internship,https://github.com/zapplyjobs/New-Grad-Jobs,zapply,Zapply-GitHub,[Apply](https://jobs.netflix.com/students),,2025-11-07,50,False,Various,Software Engineering,fulltime,False,False,Various position at Unknown in Software Engineering. Posted [Apply](https://jobs.netflix.com/students). ,2025-11-07T10:09:56.854356
Unknown,‚ö° **Tesla**,Software Engineering Internship,https://github.com/zapplyjobs/New-Grad-Jobs,zapply,Zapply-GitHub,[Apply](https://careers.tesla.com/internships),,2025-11-07,50,False,Various,Software Engineering,fulltime,False,False,Various position at Unknown in Software Engineering. Posted [Apply](https://careers.tesla.com/internships). ,2025-11-07T10:09:56.854368
Unknown,üéÆ **Nvidia**,Software Engineering Internship,https://github.com/zapplyjobs/New-Grad-Jobs,zapply,Zapply-GitHub,[Apply](https://careers.nvidia.com/internships),,2025-11-07,50,False,Various,Software Engineering,fulltime,False,False,Various position at Unknown in Software Engineering. Posted [Apply](https://careers.nvidia.com/internships). ,2025-11-07T10:09:56.854379
Unknown,üí≥ **Stripe**,Software Engineering Internship,https://github.com/zapplyjobs/New-Grad-Jobs,zapply,Zapply-GitHub,[Apply](https://stripe.com/jobs/internships),,2025-11-07,50,False,Various,Software Engineering,fulltime,False,False,Various position at Unknown in Software Engineering. Posted [Apply](https://stripe.com/jobs/internships). ,2025-11-07T10:09:56.854390
Unknown,‚Çø **Coinbase**,Software Engineering Internship,https://github.com/zapplyjobs/New-Grad-Jobs,zapply,Zapply-GitHub,[Apply](https://coinbase.com/careers/students),,2025-11-07,50,False,Various,Software Engineering,fulltime,False,False,Various position at Unknown in Software Engineering. Posted [Apply](https://coinbase.com/careers/students). ,2025-11-07T10:09:56.854401
Unknown,Platform,Type,https://github.com/zapplyjobs/New-Grad-Jobs,zapply,Zapply-GitHub,Description,,2025-11-07,50,False,Link,Software Engineering,fulltime,False,False,Link position at Unknown in Software Engineering. Posted Description. ,2025-11-07T10:09:56.854412
Unknown,**üëº AngelList Internships**,Job Board,https://angel.co/jobs#internships,zapply,Zapply-GitHub,Startup internships and entry-level positions,,2025-11-07,50,False,[Visit](https://angel.co/jobs#internships),Software Engineering,internship,False,False,[Visit](https://angel.co/jobs#internships) position at Unknown in Software Engineering. Posted Startup internships and entry-level positions. ,2025-11-07T10:09:56.854426
Unknown,**üîó LinkedIn Student Jobs**,Platform,https://linkedin.com/jobs/student-jobs,zapply,Zapply-GitHub,Professional network for student opportunities,,2025-11-07,50,False,[Visit](https://linkedin.com/jobs/student-jobs),Software Engineering,fulltime,False,False,[Visit](https://linkedin.com/jobs/student-jobs) position at Unknown in Software Engineering. Posted Professional network for student opportunities. ,2025-11-07T10:09:56.854438
Unknown,**üîµ Indeed Internships**,Job Board,https://indeed.com/q-software-engineering-intern-jobs.html,zapply,Zapply-GitHub,Comprehensive internship search engine,,2025-11-07,50,False,[Visit](https://indeed.com/q-software-engineering-intern-jobs.html),Software Engineering,internship,False,False,[Visit](https://indeed.com/q-software-engineering-intern-jobs.html) position at Unknown in Software Engineering. Posted Comprehensive internship search engine. ,2025-11-07T10:09:56.854449
Unknown,**üè¢ Glassdoor Internships**,Job Board,"https://glassdoor.com/Job/software-engineer-intern-jobs-SRCH_KO0,23.htm",zapply,Zapply-GitHub,Internships with company reviews and salary data,,2025-11-07,50,False,"[Visit](https://glassdoor.com/Job/software-engineer-intern-jobs-SRCH_KO0,23.htm)",Software Engineering,internship,False,False,"[Visit](https://glassdoor.com/Job/software-engineer-intern-jobs-SRCH_KO0,23.htm) position at Unknown in Software Engineering. Posted Internships with company reviews and salary data. ",2025-11-07T10:09:56.854461
Unknown,**üè´ University Career Centers**,Resource,https://nace.org,zapply,Zapply-GitHub,National Association of Colleges and Employers,,2025-11-07,50,False,[Visit](https://nace.org),Software Engineering,fulltime,False,False,[Visit](https://nace.org) position at Unknown in Software Engineering. Posted National Association of Colleges and Employers. ,2025-11-07T10:09:56.854472
Unknown,Role,Location,https://github.com/zapplyjobs/New-Grad-Jobs,zapply,Zapply-GitHub,Posted,,2025-11-07,50,False,Level,Category,fulltime,False,False,Level position at Unknown in Category. Posted Posted. ,2025-11-07T10:09:56.854486
Unknown,Platform Monitoring Engineer,"Heredia, Costa Rica",https://databricks.com/company/careers/open-positions/job?gh_jid=8094976002,zapply,Zapply-GitHub,0h ago,0.0,2025-11-07,100,True,Mid-Level,DevOps & Infrastructure,fulltime,False,False,Mid-Level position at Unknown in DevOps & Infrastructure. Posted 0h ago. ,2025-11-07T10:09:56.854504
Unknown,"Sr. Manager, Field Engineering - Financial Services","Boston, Massachusetts; Chicago",https://databricks.com/company/careers/open-positions/job?gh_jid=8222653002,zapply,Zapply-GitHub,1d ago,1.0,2025-11-06,90,True,Senior,Software Engineering,fulltime,False,False,Senior position at Unknown in Software Engineering. Posted 1d ago. ,2025-11-07T10:09:56.854518
Unknown,Staff Security Assurance Engineer,"San Francisco, California",https://databricks.com/company/careers/open-positions/job?gh_jid=8199405002,zapply,Zapply-GitHub,2d ago,2.0,2025-11-05,90,True,Senior,Security Engineering,fulltime,False,False,Senior position at Unknown in Security Engineering. Posted 2d ago. ,2025-11-07T10:09:56.854530
Unknown,"Chief of Staff, Field Engineering","San Francisco, California",https://databricks.com/company/careers/open-positions/job?gh_jid=7979125002,zapply,Zapply-GitHub,3d ago,3.0,2025-11-04,90,True,Senior,Software Engineering,fulltime,False,False,Senior position at Unknown in Software Engineering. Posted 3d ago. ,2025-11-07T10:09:56.854541
Unknown,Developer Advocate - Neon,"San Francisco, California",https://databricks.com/company/careers/open-positions/job?gh_jid=8124845002,zapply,Zapply-GitHub,3d ago,3.0,2025-11-04,90,True,Mid-Level,Software Engineering,fulltime,False,False,Mid-Level position at Unknown in Software Engineering. Posted 3d ago. ,2025-11-07T10:09:56.854554
Unknown,Sr. Machine Learning Engineer,"San Francisco, California",https://databricks.com/company/careers/open-positions/job?gh_jid=7276195002,zapply,Zapply-GitHub,3d ago,3.0,2025-11-04,90,True,Senior,Machine Learning & AI,fulltime,False,False,Senior position at Unknown in Machine Learning & AI. Posted 3d ago. ,2025-11-07T10:09:56.854566
Unknown,"Associate Product Manager, New Grad (2026 Start)","Bellevue, Washington; Mountain View",https://databricks.com/company/careers/open-positions/job?gh_jid=7586263002,zapply,Zapply-GitHub,1w ago,7.0,2025-10-31,75,False,Entry-Level,Product Management,fulltime,False,False,Entry-Level position at Unknown in Product Management. Posted 1w ago. ,2025-11-07T10:09:56.854579
Unknown,Data Scientist - New Grad (2026 Start),"Mountain View, California; San Francisco",https://databricks.com/company/careers/open-positions/job?gh_jid=6866554002,zapply,Zapply-GitHub,1w ago,7.0,2025-10-31,75,False,Entry-Level,Data Science & Analytics,fulltime,False,False,Entry-Level position at Unknown in Data Science & Analytics. Posted 1w ago. ,2025-11-07T10:09:56.854590
Unknown,Software Engineering Intern (2026),"Bellevue, Washington; Mountain View",https://databricks.com/company/careers/open-positions/job?gh_jid=6865687002,zapply,Zapply-GitHub,1w ago,7.0,2025-10-31,75,False,Entry-Level,Software Engineering,internship,False,False,Entry-Level position at Unknown in Software Engineering. Posted 1w ago. ,2025-11-07T10:09:56.854602
Unknown,Software Engineer - New Grad (2026 Start),"Bellevue, Washington; Mountain View",https://databricks.com/company/careers/open-positions/job?gh_jid=6865698002,zapply,Zapply-GitHub,1w ago,7.0,2025-10-31,75,False,Entry-Level,Software Engineering,fulltime,False,False,Entry-Level position at Unknown in Software Engineering. Posted 1w ago. ,2025-11-07T10:09:56.854614
Unknown,"Software Engineer - New Grad, Distributed Data Systems (2026 Start)","Bellevue, Washington; Mountain View",https://databricks.com/company/careers/open-positions/job?gh_jid=6865704002,zapply,Zapply-GitHub,1w ago,7.0,2025-10-31,75,False,Entry-Level,Software Engineering,fulltime,False,False,Entry-Level position at Unknown in Software Engineering. Posted 1w ago. ,2025-11-07T10:09:56.854627
Unknown,Sr. Solutions Engineer - Enterprise Greenfield Saudi Arabia,"Riyadh, Saudi Arabia",https://databricks.com/company/careers/open-positions/job?gh_jid=8160181002,zapply,Zapply-GitHub,1w ago,7.0,2025-10-31,75,False,Senior,Software Engineering,fulltime,False,False,Senior position at Unknown in Software Engineering. Posted 1w ago. ,2025-11-07T10:09:56.854638
Unknown,Sr. Staff Backend Software Engineer -  Enterprise Apps,"Mountain View, California",https://databricks.com/company/careers/open-positions/job?gh_jid=8220983002,zapply,Zapply-GitHub,1w ago,7.0,2025-10-31,75,False,Senior,Backend Development,fulltime,False,False,Senior position at Unknown in Backend Development. Posted 1w ago. ,2025-11-07T10:09:56.854650
Unknown,Staff Fullstack Engineer - Enterprise Apps,"Mountain View, California",https://databricks.com/company/careers/open-positions/job?gh_jid=8220836002,zapply,Zapply-GitHub,1w ago,7.0,2025-10-31,75,False,Senior,Full Stack Development,fulltime,False,False,Senior position at Unknown in Full Stack Development. Posted 1w ago. ,2025-11-07T10:09:56.854661
Unknown,Sr. Staff Fullstack Engineer - Enterprise Apps,"Mountain View, California",https://databricks.com/company/careers/open-positions/job?gh_jid=8220902002,zapply,Zapply-GitHub,1w ago,7.0,2025-10-31,75,False,Senior,Full Stack Development,fulltime,False,False,Senior position at Unknown in Full Stack Development. Posted 1w ago. ,2025-11-07T10:09:56.854673
Unknown,Evergreen - Staff Backend Software Engineer-  Enterprise Apps  (L6),"Mountain View, California",https://databricks.com/company/careers/open-positions/job?gh_jid=8220958002,zapply,Zapply-GitHub,1w ago,7.0,2025-10-31,75,False,Senior,Backend Development,fulltime,False,False,Senior position at Unknown in Backend Development. Posted 1w ago. ,2025-11-07T10:09:56.854685
Unknown,Senior Software Engineer (Backend) - AI/ML Environments,"Mountain View, California",https://databricks.com/company/careers/open-positions/job?gh_jid=8233899002,zapply,Zapply-GitHub,1w ago,7.0,2025-10-31,75,False,Senior,Backend Development,fulltime,False,False,Senior position at Unknown in Backend Development. Posted 1w ago. ,2025-11-07T10:09:56.854696
Unknown,Senior Software Engineer - Fullstack (NYC),New York,https://databricks.com/company/careers/open-positions/job?gh_jid=8211634002,zapply,Zapply-GitHub,1w ago,7.0,2025-10-31,75,False,Senior,Full Stack Development,fulltime,False,False,Senior position at Unknown in Full Stack Development. Posted 1w ago. ,2025-11-07T10:09:56.854708
Unknown,Senior Software Engineer - Backend (NYC),New York,https://databricks.com/company/careers/open-positions/job?gh_jid=8211625002,zapply,Zapply-GitHub,1w ago,7.0,2025-10-31,75,False,Senior,Backend Development,fulltime,False,False,Senior position at Unknown in Backend Development. Posted 1w ago. ,2025-11-07T10:09:56.854719
Unknown,Global Head of Technical Scale and Strategy (Field Engineering),"San Francisco, California; United States",https://databricks.com/company/careers/open-positions/job?gh_jid=8223325002,zapply,Zapply-GitHub,1w ago,7.0,2025-10-31,75,False,Mid-Level,Software Engineering,fulltime,False,False,Mid-Level position at Unknown in Software Engineering. Posted 1w ago. ,2025-11-07T10:09:56.854731
Unknown,Senior Software Engineer - Observability (Databases),"Mountain View, California",https://databricks.com/company/careers/open-positions/job?gh_jid=8229742002,zapply,Zapply-GitHub,1w ago,7.0,2025-10-31,75,False,Senior,Software Engineering,fulltime,False,False,Senior position at Unknown in Software Engineering. Posted 1w ago. ,2025-11-07T10:09:56.854742
Unknown,Sr. Staff Software Engineer - AI + Data Intelligence Platform,"Mountain View, California; San Francisco",https://databricks.com/company/careers/open-positions/job?gh_jid=7823561002,zapply,Zapply-GitHub,1w ago,7.0,2025-10-31,75,False,Senior,Machine Learning & AI,fulltime,False,False,Senior position at Unknown in Machine Learning & AI. Posted 1w ago. ,2025-11-07T10:09:56.854753
Unknown,Solutions Engineer,"New York City, New York",https://databricks.com/company/careers/open-positions/job?gh_jid=8223189002,zapply,Zapply-GitHub,1w ago,7.0,2025-10-31,75,False,Mid-Level,Software Engineering,fulltime,False,False,Mid-Level position at Unknown in Software Engineering. Posted 1w ago. ,2025-11-07T10:09:56.854765
Unknown,Solutions Engineer,"Denver, Colorado",https://databricks.com/company/careers/open-positions/job?gh_jid=8223188002,zapply,Zapply-GitHub,1w ago,7.0,2025-10-31,75,False,Mid-Level,Software Engineering,fulltime,False,False,Mid-Level position at Unknown in Software Engineering. Posted 1w ago. ,2025-11-07T10:09:56.854775
Unknown,Principal Engineer - Privacy,"Mountain View, California",https://databricks.com/company/careers/open-positions/job?gh_jid=8224828002,zapply,Zapply-GitHub,2w ago,14.0,2025-10-24,60,False,Senior,Software Engineering,fulltime,False,False,Senior position at Unknown in Software Engineering. Posted 2w ago. ,2025-11-07T10:09:56.854786
Unknown,"Staff Software Engineer, Foundational Model Serving","San Francisco, California",https://databricks.com/company/careers/open-positions/job?gh_jid=8224683002,zapply,Zapply-GitHub,2w ago,14.0,2025-10-24,60,False,Senior,Software Engineering,fulltime,False,False,Senior position at Unknown in Software Engineering. Posted 2w ago. ,2025-11-07T10:09:56.854798
Unknown,"Staff Software Engineer, Model Serving","San Francisco, California",https://databricks.com/company/careers/open-positions/job?gh_jid=8211647002,zapply,Zapply-GitHub,2w ago,14.0,2025-10-24,60,False,Senior,Software Engineering,fulltime,False,False,Senior position at Unknown in Software Engineering. Posted 2w ago. ,2025-11-07T10:09:56.854809
Unknown,"Sr. Solutions Engineer - Communications, Media, Entertainment and Gaming","Chicago, Illinois",https://databricks.com/company/careers/open-positions/job?gh_jid=8206231002,zapply,Zapply-GitHub,2w ago,14.0,2025-10-24,60,False,Senior,Software Engineering,fulltime,False,False,Senior position at Unknown in Software Engineering. Posted 2w ago. ,2025-11-07T10:09:56.854820
Unknown,"Sr. Solutions Engineer - Communications, Media, Entertainment and Gaming","New York City, New York",https://databricks.com/company/careers/open-positions/job?gh_jid=8206229002,zapply,Zapply-GitHub,2w ago,14.0,2025-10-24,60,False,Senior,Software Engineering,fulltime,False,False,Senior position at Unknown in Software Engineering. Posted 2w ago. ,2025-11-07T10:09:56.854831
Unknown,"Sr. Manager, Engineering - Search","Mountain View, California",https://databricks.com/company/careers/open-positions/job?gh_jid=7959180002,zapply,Zapply-GitHub,2w ago,14.0,2025-10-24,60,False,Senior,Software Engineering,fulltime,False,False,Senior position at Unknown in Software Engineering. Posted 2w ago. ,2025-11-07T10:09:56.854842
Unknown,Senior Software Engineer - Fullstack,"Mountain View, California; San Francisco",https://databricks.com/company/careers/open-positions/job?gh_jid=5445641002,zapply,Zapply-GitHub,2w ago,14.0,2025-10-24,60,False,Senior,Full Stack Development,fulltime,False,False,Senior position at Unknown in Full Stack Development. Posted 2w ago. ,2025-11-07T10:09:56.854853
Unknown,"Engineering Manager, Data Lineage ‚Äî Unity Catalog Experience","Mountain View, California",https://databricks.com/company/careers/open-positions/job?gh_jid=8015139002,zapply,Zapply-GitHub,2w ago,14.0,2025-10-24,60,False,Mid-Level,Software Engineering,fulltime,False,False,Mid-Level position at Unknown in Software Engineering. Posted 2w ago. ,2025-11-07T10:09:56.854869
Unknown,Senior Staff Software Engineer - Lineage & Tagging,"Mountain View, California",https://databricks.com/company/careers/open-positions/job?gh_jid=7886068002,zapply,Zapply-GitHub,2w ago,14.0,2025-10-24,60,False,Senior,Software Engineering,fulltime,False,False,Senior position at Unknown in Software Engineering. Posted 2w ago. ,2025-11-07T10:09:56.854881
Unknown,Sr. Staff Software Engineer - Metadata Intelligence,"Mountain View, California",https://databricks.com/company/careers/open-positions/job?gh_jid=8204016002,zapply,Zapply-GitHub,2w ago,14.0,2025-10-24,60,False,Senior,Software Engineering,fulltime,False,False,Senior position at Unknown in Software Engineering. Posted 2w ago. ,2025-11-07T10:09:56.854892
Unknown,Senior Staff Software Engineer - App and Partner Ecosystem,"Seattle, Washington",https://databricks.com/company/careers/open-positions/job?gh_jid=7807722002,zapply,Zapply-GitHub,2w ago,14.0,2025-10-24,60,False,Senior,Software Engineering,fulltime,False,False,Senior position at Unknown in Software Engineering. Posted 2w ago. ,2025-11-07T10:09:56.854904
Unknown,"Director, Engineering - Databricks Mosaic AI",New York,https://databricks.com/company/careers/open-positions/job?gh_jid=8214272002,zapply,Zapply-GitHub,3w ago,21.0,2025-10-17,60,False,Mid-Level,Machine Learning & AI,fulltime,False,False,Mid-Level position at Unknown in Machine Learning & AI. Posted 3w ago. ,2025-11-07T10:09:56.854915
Unknown,"Sr. Manager, Engineering - Model Serving","San Francisco, California",https://databricks.com/company/careers/open-positions/job?gh_jid=8211957002,zapply,Zapply-GitHub,3w ago,21.0,2025-10-17,60,False,Senior,Software Engineering,fulltime,False,False,Senior position at Unknown in Software Engineering. Posted 3w ago. ,2025-11-07T10:09:56.854926
Unknown,"Senior Software Engineer, Model Serving","San Francisco, California",https://databricks.com/company/careers/open-positions/job?gh_jid=8211648002,zapply,Zapply-GitHub,3w ago,21.0,2025-10-17,60,False,Senior,Software Engineering,fulltime,False,False,Senior position at Unknown in Software Engineering. Posted 3w ago. ,2025-11-07T10:09:56.854937
Unknown,"Sr. Staff Software Engineer, Search","San Francisco, California",https://databricks.com/company/careers/open-positions/job?gh_jid=7987301002,zapply,Zapply-GitHub,3w ago,21.0,2025-10-17,60,False,Senior,Software Engineering,fulltime,False,False,Senior position at Unknown in Software Engineering. Posted 3w ago. ,2025-11-07T10:09:56.854948
Unknown,Sr Software Engineer-Networking,"Mountain View, California",https://databricks.com/company/careers/open-positions/job?gh_jid=8211452002,zapply,Zapply-GitHub,3w ago,21.0,2025-10-17,60,False,Mid-Level,Software Engineering,fulltime,False,False,Mid-Level position at Unknown in Software Engineering. Posted 3w ago. ,2025-11-07T10:09:56.854959
Unknown,Sr Software Engineer-Networking,"Bellevue, Washington",https://databricks.com/company/careers/open-positions/job?gh_jid=8211450002,zapply,Zapply-GitHub,3w ago,21.0,2025-10-17,60,False,Mid-Level,Software Engineering,fulltime,False,False,Mid-Level position at Unknown in Software Engineering. Posted 3w ago. ,2025-11-07T10:09:56.854970
Unknown,Physical Security Engineer,"Mountain View, California; San Francisco",https://databricks.com/company/careers/open-positions/job?gh_jid=7993207002,zapply,Zapply-GitHub,3w ago,21.0,2025-10-17,60,False,Mid-Level,Security Engineering,fulltime,False,False,Mid-Level position at Unknown in Security Engineering. Posted 3w ago. ,2025-11-07T10:09:56.854981
Unknown,Databricks Enterprise Lead Security Architect -   Principal IT Software Engineer,"Mountain View, California; San Francisco",https://databricks.com/company/careers/open-positions/job?gh_jid=8207910002,zapply,Zapply-GitHub,3w ago,21.0,2025-10-17,60,False,Senior,Security Engineering,fulltime,False,False,Senior position at Unknown in Security Engineering. Posted 3w ago. ,2025-11-07T10:09:56.854992
Unknown,Staff IT Software Engineer - Brickster Experience,"Mountain View, California; San Francisco",https://databricks.com/company/careers/open-positions/job?gh_jid=8144039002,zapply,Zapply-GitHub,3w ago,21.0,2025-10-17,60,False,Senior,Software Engineering,fulltime,False,False,Senior position at Unknown in Software Engineering. Posted 3w ago. ,2025-11-07T10:09:56.855004
Unknown,Senior Machine Learning Engineer - GenAI Platform,"San Francisco, California",https://databricks.com/company/careers/open-positions/job?gh_jid=6954585002,zapply,Zapply-GitHub,4w ago,28.0,2025-10-10,60,False,Senior,Machine Learning & AI,fulltime,False,False,Senior position at Unknown in Machine Learning & AI. Posted 4w ago. ,2025-11-07T10:09:56.855015
Unknown,Software Engineer - GenAI inference,"San Francisco, California",https://databricks.com/company/careers/open-positions/job?gh_jid=8202670002,zapply,Zapply-GitHub,4w ago,28.0,2025-10-10,60,False,Mid-Level,Machine Learning & AI,fulltime,False,False,Mid-Level position at Unknown in Machine Learning & AI. Posted 4w ago. ,2025-11-07T10:09:56.855026
Unknown,Senior Applied AI Engineer ‚Äì ML for Systems & Infrastructure,"San Francisco, California",https://databricks.com/company/careers/open-positions/job?gh_jid=7859597002,zapply,Zapply-GitHub,4w ago,28.0,2025-10-10,60,False,Senior,Machine Learning & AI,fulltime,False,False,Senior position at Unknown in Machine Learning & AI. Posted 4w ago. ,2025-11-07T10:09:56.855038
Unknown,Staff Software Engineer - GenAI Performance and Kernel,"San Francisco, California",https://databricks.com/company/careers/open-positions/job?gh_jid=8202700002,zapply,Zapply-GitHub,1mo ago,30.0,2025-10-08,40,False,Senior,Machine Learning & AI,fulltime,False,False,Senior position at Unknown in Machine Learning & AI. Posted 1mo ago. ,2025-11-07T10:09:56.855050
Unknown,Staff Software Engineer - GenAI inference,"San Francisco, California",https://databricks.com/company/careers/open-positions/job?gh_jid=8202698002,zapply,Zapply-GitHub,1mo ago,30.0,2025-10-08,40,False,Senior,Machine Learning & AI,fulltime,False,False,Senior position at Unknown in Machine Learning & AI. Posted 1mo ago. ,2025-11-07T10:09:56.855064
Unknown,Engineering Manager - Notebook Dataplane,"San Francisco, California",https://databricks.com/company/careers/open-positions/job?gh_jid=8190108002,zapply,Zapply-GitHub,1mo ago,30.0,2025-10-08,40,False,Mid-Level,Software Engineering,fulltime,False,False,Mid-Level position at Unknown in Software Engineering. Posted 1mo ago. ,2025-11-07T10:09:56.855076
Unknown,Scale Solutions Engineer,"Heredia, Costa Rica",https://databricks.com/company/careers/open-positions/job?gh_jid=8144045002,zapply,Zapply-GitHub,1mo ago,30.0,2025-10-08,40,False,Mid-Level,Software Engineering,fulltime,False,False,Mid-Level position at Unknown in Software Engineering. Posted 1mo ago. ,2025-11-07T10:09:56.855089
Unknown,"Senior Technical Solutions Engineer, Lakebase","Dallas, Texas; Mountain View",https://databricks.com/company/careers/open-positions/job?gh_jid=8117624002,zapply,Zapply-GitHub,1mo ago,30.0,2025-10-08,40,False,Senior,Software Engineering,fulltime,False,False,Senior position at Unknown in Software Engineering. Posted 1mo ago. ,2025-11-07T10:09:56.855100
Unknown,Sr. Staff Designated Support Engineer,"San Francisco, California",https://databricks.com/company/careers/open-positions/job?gh_jid=7995111002,zapply,Zapply-GitHub,1mo ago,30.0,2025-10-08,40,False,Senior,Design,fulltime,False,False,Senior position at Unknown in Design. Posted 1mo ago. ,2025-11-07T10:09:56.855114
Unknown,Software Engineer -  Lakeflow PhD Candidates,"Mountain View, California",https://databricks.com/company/careers/open-positions/job?gh_jid=7995744002,zapply,Zapply-GitHub,1mo ago,30.0,2025-10-08,40,False,Mid-Level,Software Engineering,fulltime,False,False,Mid-Level position at Unknown in Software Engineering. Posted 1mo ago. ,2025-11-07T10:09:56.855125
Unknown,"Sr. Staff Software Engineer, CoreX","Mountain View, California",https://databricks.com/company/careers/open-positions/job?gh_jid=7987676002,zapply,Zapply-GitHub,1mo ago,30.0,2025-10-08,40,False,Senior,Software Engineering,fulltime,False,False,Senior position at Unknown in Software Engineering. Posted 1mo ago. ,2025-11-07T10:09:56.855136
Unknown,Engineering Manager - Money,"Bellevue, Washington; Seattle",https://databricks.com/company/careers/open-positions/job?gh_jid=7529558002,zapply,Zapply-GitHub,1mo ago,30.0,2025-10-08,40,False,Mid-Level,Software Engineering,fulltime,False,False,Mid-Level position at Unknown in Software Engineering. Posted 1mo ago. ,2025-11-07T10:09:56.855150
Unknown,Senior Software Engineer  - Application Traffic team,"Mountain View, California",https://databricks.com/company/careers/open-positions/job?gh_jid=8183195002,zapply,Zapply-GitHub,1mo ago,30.0,2025-10-08,40,False,Senior,Software Engineering,fulltime,False,False,Senior position at Unknown in Software Engineering. Posted 1mo ago. ,2025-11-07T10:09:56.855161
Unknown,Senior Engineering Manager - Trust and Safety,"Mountain View, California",https://databricks.com/company/careers/open-positions/job?gh_jid=8180690002,zapply,Zapply-GitHub,1mo ago,30.0,2025-10-08,40,False,Senior,Software Engineering,fulltime,False,False,Senior position at Unknown in Software Engineering. Posted 1mo ago. ,2025-11-07T10:09:56.855172
Unknown,IT Solutions Lead (Staff IT Fullstack Software Engineer,"Mountain View, California",https://databricks.com/company/careers/open-positions/job?gh_jid=8150189002,zapply,Zapply-GitHub,2mo ago,60.0,2025-09-08,20,False,Senior,Full Stack Development,fulltime,False,False,Senior position at Unknown in Full Stack Development. Posted 2mo ago. ,2025-11-07T10:09:56.855185
Unknown,Senior Software Engineer - Infrastructure and Tools,"San Francisco, California",https://databricks.com/company/careers/open-positions/job?gh_jid=6318503002,zapply,Zapply-GitHub,2mo ago,60.0,2025-09-08,20,False,Senior,DevOps & Infrastructure,fulltime,False,False,Senior position at Unknown in DevOps & Infrastructure. Posted 2mo ago. ,2025-11-07T10:09:56.855196
Unknown,Senior Software Engineer - Backend,"San Francisco, California",https://databricks.com/company/careers/open-positions/job?gh_jid=4799387002,zapply,Zapply-GitHub,2mo ago,60.0,2025-09-08,20,False,Senior,Backend Development,fulltime,False,False,Senior position at Unknown in Backend Development. Posted 2mo ago. ,2025-11-07T10:09:56.855207
Unknown,Sr. Engineering Manager - Lakeflow Pipeline,"Mountain View, California",https://databricks.com/company/careers/open-positions/job?gh_jid=8109905002,zapply,Zapply-GitHub,3mo ago,90.0,2025-08-09,20,False,Senior,Software Engineering,fulltime,False,False,Senior position at Unknown in Software Engineering. Posted 3mo ago. ,2025-11-07T10:09:56.855219
Unknown,Senior Engineering Manager - Enzyme,"Mountain View, California",https://databricks.com/company/careers/open-positions/job?gh_jid=8109902002,zapply,Zapply-GitHub,3mo ago,90.0,2025-08-09,20,False,Senior,Software Engineering,fulltime,False,False,Senior position at Unknown in Software Engineering. Posted 3mo ago. ,2025-11-07T10:09:56.855232
Unknown,Sr. Engineering Manager  - Photon Team (San Francisco),"San Francisco, California",https://databricks.com/company/careers/open-positions/job?gh_jid=8108743002,zapply,Zapply-GitHub,3mo ago,90.0,2025-08-09,20,False,Senior,Software Engineering,fulltime,False,False,Senior position at Unknown in Software Engineering. Posted 3mo ago. ,2025-11-07T10:09:56.855243
Unknown,Staff Software Engineer - Unity Catalog,"Mountain View, California",https://databricks.com/company/careers/open-positions/job?gh_jid=7933498002,zapply,Zapply-GitHub,3mo ago,90.0,2025-08-09,20,False,Senior,Software Engineering,fulltime,False,False,Senior position at Unknown in Software Engineering. Posted 3mo ago. ,2025-11-07T10:09:56.855254
Unknown,Staff Software Engineer - Distributed Data Systems,"Mountain View, California",https://databricks.com/company/careers/open-positions/job?gh_jid=6544364002,zapply,Zapply-GitHub,3mo ago,90.0,2025-08-09,20,False,Senior,Software Engineering,fulltime,False,False,Senior position at Unknown in Software Engineering. Posted 3mo ago. ,2025-11-07T10:09:56.855264
Unknown,Staff Software Engineer - Distributed Data Systems,"San Francisco, California",https://databricks.com/company/careers/open-positions/job?gh_jid=5646855002,zapply,Zapply-GitHub,3mo ago,90.0,2025-08-09,20,False,Senior,Software Engineering,fulltime,False,False,Senior position at Unknown in Software Engineering. Posted 3mo ago. ,2025-11-07T10:09:56.855275
Unknown,Senior Software Engineer - Distributed Data Systems,"Mountain View, California",https://databricks.com/company/careers/open-positions/job?gh_jid=6544325002,zapply,Zapply-GitHub,3mo ago,90.0,2025-08-09,20,False,Senior,Software Engineering,fulltime,False,False,Senior position at Unknown in Software Engineering. Posted 3mo ago. ,2025-11-07T10:09:56.855286
Unknown,Senior Software Engineer - Distributed Data Systems,"San Francisco, California",https://databricks.com/company/careers/open-positions/job?gh_jid=4513122002,zapply,Zapply-GitHub,3mo ago,90.0,2025-08-09,20,False,Senior,Software Engineering,fulltime,False,False,Senior position at Unknown in Software Engineering. Posted 3mo ago. ,2025-11-07T10:09:56.855301
Unknown,Staff Software Engineer - Database Engine Internals,"San Francisco, California",https://databricks.com/company/careers/open-positions/job?gh_jid=5646866002,zapply,Zapply-GitHub,3mo ago,90.0,2025-08-09,20,False,Senior,Software Engineering,internship,False,False,Senior position at Unknown in Software Engineering. Posted 3mo ago. ,2025-11-07T10:09:56.855312
Unknown,Staff Software Engineer - Database Engine Internals,"Mountain View, California",https://databricks.com/company/careers/open-positions/job?gh_jid=6544386002,zapply,Zapply-GitHub,3mo ago,90.0,2025-08-09,20,False,Senior,Software Engineering,internship,False,False,Senior position at Unknown in Software Engineering. Posted 3mo ago. ,2025-11-07T10:09:56.855322
Unknown,Sr. Software Engineer - Performance,"San Francisco, California",https://databricks.com/company/careers/open-positions/job?gh_jid=6569772002,zapply,Zapply-GitHub,3mo ago,90.0,2025-08-09,20,False,Senior,Software Engineering,fulltime,False,False,Senior position at Unknown in Software Engineering. Posted 3mo ago. ,2025-11-07T10:09:56.855333
Unknown,Sr. Software Engineer - Performance,"Mountain View, California",https://databricks.com/company/careers/open-positions/job?gh_jid=6569774002,zapply,Zapply-GitHub,3mo ago,90.0,2025-08-09,20,False,Senior,Software Engineering,fulltime,False,False,Senior position at Unknown in Software Engineering. Posted 3mo ago. ,2025-11-07T10:09:56.855344
Unknown,Senior Software Engineer - Database Engine Internals,"Mountain View, California",https://databricks.com/company/careers/open-positions/job?gh_jid=6544383002,zapply,Zapply-GitHub,3mo ago,90.0,2025-08-09,20,False,Senior,Software Engineering,internship,False,False,Senior position at Unknown in Software Engineering. Posted 3mo ago. ,2025-11-07T10:09:56.855354
Unknown,Senior Software Engineer - Database Engine Internals,"San Francisco, California",https://databricks.com/company/careers/open-positions/job?gh_jid=5048461002,zapply,Zapply-GitHub,3mo ago,90.0,2025-08-09,20,False,Senior,Software Engineering,internship,False,False,Senior position at Unknown in Software Engineering. Posted 3mo ago. ,2025-11-07T10:09:56.855365
Unknown,Software Engineer -  Systems PhD Candidates,"Mountain View, California; San Francisco",https://databricks.com/company/careers/open-positions/job?gh_jid=6875433002,zapply,Zapply-GitHub,3mo ago,90.0,2025-08-09,20,False,Mid-Level,Software Engineering,fulltime,False,False,Mid-Level position at Unknown in Software Engineering. Posted 3mo ago. ,2025-11-07T10:09:56.855376
Unknown,Software Engineer - Systems PhD Candidates,"Bellevue, Washington; Seattle",https://databricks.com/company/careers/open-positions/job?gh_jid=7649293002,zapply,Zapply-GitHub,3mo ago,90.0,2025-08-09,20,False,Mid-Level,Software Engineering,fulltime,False,False,Mid-Level position at Unknown in Software Engineering. Posted 3mo ago. ,2025-11-07T10:09:56.855387
Unknown,Software Engineer - Performance PhD Candidates,"Mountain View, California",https://databricks.com/company/careers/open-positions/job?gh_jid=7466498002,zapply,Zapply-GitHub,3mo ago,90.0,2025-08-09,20,False,Mid-Level,Software Engineering,fulltime,False,False,Mid-Level position at Unknown in Software Engineering. Posted 3mo ago. ,2025-11-07T10:09:56.855398
Unknown,Software Engineer -  DLT PhD Candidates,"Mountain View, California",https://databricks.com/company/careers/open-positions/job?gh_jid=7471089002,zapply,Zapply-GitHub,3mo ago,90.0,2025-08-09,20,False,Mid-Level,Software Engineering,fulltime,False,False,Mid-Level position at Unknown in Software Engineering. Posted 3mo ago. ,2025-11-07T10:09:56.855410
Unknown,Software Engineer - Delta Managed Tables PhD Candidates,"Mountain View, California",https://databricks.com/company/careers/open-positions/job?gh_jid=7850582002,zapply,Zapply-GitHub,3mo ago,90.0,2025-08-09,20,False,Mid-Level,Software Engineering,fulltime,False,False,Mid-Level position at Unknown in Software Engineering. Posted 3mo ago. ,2025-11-07T10:09:56.855421
Unknown,Engineering Manager - UI Platform,"Bellevue, Washington",https://databricks.com/company/careers/open-positions/job?gh_jid=8013809002,zapply,Zapply-GitHub,3mo ago,90.0,2025-08-09,20,False,Mid-Level,Frontend Development,fulltime,False,False,Mid-Level position at Unknown in Frontend Development. Posted 3mo ago. ,2025-11-07T10:09:56.855432
Unknown,Senior Backend Software Engineer- (AI Platform),"Mountain View, California; San Francisco",https://databricks.com/company/careers/open-positions/job?gh_jid=8035969002,zapply,Zapply-GitHub,3mo ago,90.0,2025-08-09,20,False,Senior,Backend Development,fulltime,False,False,Senior position at Unknown in Backend Development. Posted 3mo ago. ,2025-11-07T10:09:56.855444
Unknown,Senior Software Engineer - Backend,"Mountain View, California",https://databricks.com/company/careers/open-positions/job?gh_jid=6544435002,zapply,Zapply-GitHub,3mo ago,90.0,2025-08-09,20,False,Senior,Backend Development,fulltime,False,False,Senior position at Unknown in Backend Development. Posted 3mo ago. ,2025-11-07T10:09:56.855455
Unknown,Senior Software Engineer - Backend,"Bellevue, Washington",https://databricks.com/company/careers/open-positions/job?gh_jid=6779084002,zapply,Zapply-GitHub,3mo ago,90.0,2025-08-09,20,False,Senior,Backend Development,fulltime,False,False,Senior position at Unknown in Backend Development. Posted 3mo ago. ,2025-11-07T10:09:56.855466
Unknown,Senior Software Engineer - Compliance,"Mountain View, California",https://databricks.com/company/careers/open-positions/job?gh_jid=8029215002,zapply,Zapply-GitHub,3mo ago,90.0,2025-08-09,20,False,Senior,Software Engineering,fulltime,False,False,Senior position at Unknown in Software Engineering. Posted 3mo ago. ,2025-11-07T10:09:56.855477
Unknown,Senior Software Engineer - Fullstack,"Seattle, Washington",https://databricks.com/company/careers/open-positions/job?gh_jid=6544403002,zapply,Zapply-GitHub,3mo ago,90.0,2025-08-09,20,False,Senior,Full Stack Development,fulltime,False,False,Senior position at Unknown in Full Stack Development. Posted 3mo ago. ,2025-11-07T10:09:56.855490
Unknown,"Senior Software Engineer - Fullstack, Assistant","San Francisco, California",https://databricks.com/company/careers/open-positions/job?gh_jid=7849869002,zapply,Zapply-GitHub,3mo ago,90.0,2025-08-09,20,False,Senior,Full Stack Development,fulltime,False,False,Senior position at Unknown in Full Stack Development. Posted 3mo ago. ,2025-11-07T10:09:56.855502
Unknown,Senior Software Engineer - IAM,"Mountain View, California",https://databricks.com/company/careers/open-positions/job?gh_jid=8029209002,zapply,Zapply-GitHub,3mo ago,90.0,2025-08-09,20,False,Senior,Software Engineering,fulltime,False,False,Senior position at Unknown in Software Engineering. Posted 3mo ago. ,2025-11-07T10:09:56.855513
Unknown,Senior Software Engineer  - Money Team,"Bellevue, Washington",https://databricks.com/company/careers/open-positions/job?gh_jid=8027404002,zapply,Zapply-GitHub,3mo ago,90.0,2025-08-09,20,False,Senior,Software Engineering,fulltime,False,False,Senior position at Unknown in Software Engineering. Posted 3mo ago. ,2025-11-07T10:09:56.855524
Unknown,Senior Software Engineer - Privacy,"Mountain View, California",https://databricks.com/company/careers/open-positions/job?gh_jid=8029211002,zapply,Zapply-GitHub,3mo ago,90.0,2025-08-09,20,False,Senior,Software Engineering,fulltime,False,False,Senior position at Unknown in Software Engineering. Posted 3mo ago. ,2025-11-07T10:09:56.855534
Unknown,Senior Software Engineer - Security,"Bellevue, Washington",https://databricks.com/company/careers/open-positions/job?gh_jid=7274451002,zapply,Zapply-GitHub,3mo ago,90.0,2025-08-09,20,False,Senior,Security Engineering,fulltime,False,False,Senior position at Unknown in Security Engineering. Posted 3mo ago. ,2025-11-07T10:09:56.855545
Unknown,Senior Software Engineer - Security,"Mountain View, California",https://databricks.com/company/careers/open-positions/job?gh_jid=7274459002,zapply,Zapply-GitHub,3mo ago,90.0,2025-08-09,20,False,Senior,Security Engineering,fulltime,False,False,Senior position at Unknown in Security Engineering. Posted 3mo ago. ,2025-11-07T10:09:56.855556
Unknown,Senior Staff Software Engineer - Enzyme,"Mountain View, California",https://databricks.com/company/careers/open-positions/job?gh_jid=7934466002,zapply,Zapply-GitHub,3mo ago,90.0,2025-08-09,20,False,Senior,Software Engineering,fulltime,False,False,Senior position at Unknown in Software Engineering. Posted 3mo ago. ,2025-11-07T10:09:56.855567
Unknown,Senior Staff Software Engineer - IAM,"Seattle, Washington",https://databricks.com/company/careers/open-positions/job?gh_jid=7274557002,zapply,Zapply-GitHub,3mo ago,90.0,2025-08-09,20,False,Senior,Software Engineering,fulltime,False,False,Senior position at Unknown in Software Engineering. Posted 3mo ago. ,2025-11-07T10:09:56.855580
Unknown,Senior Staff Software Engineer - IAM,"Mountain View, California",https://databricks.com/company/careers/open-positions/job?gh_jid=7274563002,zapply,Zapply-GitHub,3mo ago,90.0,2025-08-09,20,False,Senior,Software Engineering,fulltime,False,False,Senior position at Unknown in Software Engineering. Posted 3mo ago. ,2025-11-07T10:09:56.855594
Unknown,Senior Staff Software Engineer - Privacy,"San Francisco, California",https://databricks.com/company/careers/open-positions/job?gh_jid=7274488002,zapply,Zapply-GitHub,3mo ago,90.0,2025-08-09,20,False,Senior,Software Engineering,fulltime,False,False,Senior position at Unknown in Software Engineering. Posted 3mo ago. ,2025-11-07T10:09:56.855606
Unknown,Senior Staff Software Engineer - Privacy,"New York City, New York",https://databricks.com/company/careers/open-positions/job?gh_jid=7274624002,zapply,Zapply-GitHub,3mo ago,90.0,2025-08-09,20,False,Senior,Software Engineering,fulltime,False,False,Senior position at Unknown in Software Engineering. Posted 3mo ago. ,2025-11-07T10:09:56.855619
Unknown,Senior Staff Software Engineer - Privacy,"Seattle, Washington",https://databricks.com/company/careers/open-positions/job?gh_jid=7274619002,zapply,Zapply-GitHub,3mo ago,90.0,2025-08-09,20,False,Senior,Software Engineering,fulltime,False,False,Senior position at Unknown in Software Engineering. Posted 3mo ago. ,2025-11-07T10:09:56.855631
Unknown,Senior Staff Software Engineer - Security Infrastructure,"Mountain View, California",https://databricks.com/company/careers/open-positions/job?gh_jid=7274908002,zapply,Zapply-GitHub,3mo ago,90.0,2025-08-09,20,False,Senior,DevOps & Infrastructure,fulltime,False,False,Senior position at Unknown in DevOps & Infrastructure. Posted 3mo ago. ,2025-11-07T10:09:56.855642
Unknown,Senior Staff Software Engineer - Security Infrastructure,"Bellevue, Washington",https://databricks.com/company/careers/open-positions/job?gh_jid=7274902002,zapply,Zapply-GitHub,3mo ago,90.0,2025-08-09,20,False,Senior,DevOps & Infrastructure,fulltime,False,False,Senior position at Unknown in DevOps & Infrastructure. Posted 3mo ago. ,2025-11-07T10:09:56.855656
Unknown,"Senior Technical Solutions Engineer, Platform","Dallas, Texas",https://databricks.com/company/careers/open-positions/job?gh_jid=7902935002,zapply,Zapply-GitHub,3mo ago,90.0,2025-08-09,20,False,Senior,DevOps & Infrastructure,fulltime,False,False,Senior position at Unknown in DevOps & Infrastructure. Posted 3mo ago. ,2025-11-07T10:09:56.855668
Unknown,Sr. Engineering Manager,"Mountain View, California; San Francisco",https://databricks.com/company/careers/open-positions/job?gh_jid=8051883002,zapply,Zapply-GitHub,3mo ago,90.0,2025-08-09,20,False,Senior,Software Engineering,fulltime,False,False,Senior position at Unknown in Software Engineering. Posted 3mo ago. ,2025-11-07T10:09:56.855679
Unknown,"Sr. Product Manager, Data Engineering","San Francisco, California",https://databricks.com/company/careers/open-positions/job?gh_jid=6322654002,zapply,Zapply-GitHub,3mo ago,90.0,2025-08-09,20,False,Senior,Data Science & Analytics,fulltime,False,False,Senior position at Unknown in Data Science & Analytics. Posted 3mo ago. ,2025-11-07T10:09:56.855690
Unknown,Sr. Staff Software Engineer - Unity Catalog Data Governance,"Bellevue, Washington",https://databricks.com/company/careers/open-positions/job?gh_jid=7993609002,zapply,Zapply-GitHub,3mo ago,90.0,2025-08-09,20,False,Senior,Software Engineering,fulltime,False,False,Senior position at Unknown in Software Engineering. Posted 3mo ago. ,2025-11-07T10:09:56.855701
Unknown,Staff Designated Support Engineer,"San Francisco, California",https://databricks.com/company/careers/open-positions/job?gh_jid=7839474002,zapply,Zapply-GitHub,3mo ago,90.0,2025-08-09,20,False,Senior,Design,fulltime,False,False,Senior position at Unknown in Design. Posted 3mo ago. ,2025-11-07T10:09:56.855712
Unknown,Staff Fullstack Engineer,"San Francisco, California",https://databricks.com/company/careers/open-positions/job?gh_jid=6704975002,zapply,Zapply-GitHub,3mo ago,90.0,2025-08-09,20,False,Senior,Full Stack Development,fulltime,False,False,Senior position at Unknown in Full Stack Development. Posted 3mo ago. ,2025-11-07T10:09:56.855723
Unknown,Staff Software Engineer - Backend,"Bellevue, Washington",https://databricks.com/company/careers/open-positions/job?gh_jid=6779233002,zapply,Zapply-GitHub,3mo ago,90.0,2025-08-09,20,False,Senior,Backend Development,fulltime,False,False,Senior position at Unknown in Backend Development. Posted 3mo ago. ,2025-11-07T10:09:56.855733
Unknown,Staff Software Engineer - Backend,"Mountain View, California",https://databricks.com/company/careers/open-positions/job?gh_jid=6544443002,zapply,Zapply-GitHub,3mo ago,90.0,2025-08-09,20,False,Senior,Backend Development,fulltime,False,False,Senior position at Unknown in Backend Development. Posted 3mo ago. ,2025-11-07T10:09:56.855744
Unknown,Staff Software Engineer - Backend,"San Francisco, California",https://databricks.com/company/careers/open-positions/job?gh_jid=5408888002,zapply,Zapply-GitHub,3mo ago,90.0,2025-08-09,20,False,Senior,Backend Development,fulltime,False,False,Senior position at Unknown in Backend Development. Posted 3mo ago. ,2025-11-07T10:09:56.855755
Unknown,Staff Software Engineer - Backend,"Seattle, Washington",https://databricks.com/company/careers/open-positions/job?gh_jid=6779232002,zapply,Zapply-GitHub,3mo ago,90.0,2025-08-09,20,False,Senior,Backend Development,fulltime,False,False,Senior position at Unknown in Backend Development. Posted 3mo ago. ,2025-11-07T10:09:56.855766
Unknown,Staff Software Engineer - Customer Engagement & Docs Platform,"San Francisco, California",https://databricks.com/company/careers/open-positions/job?gh_jid=8032546002,zapply,Zapply-GitHub,3mo ago,90.0,2025-08-09,20,False,Senior,DevOps & Infrastructure,fulltime,False,False,Senior position at Unknown in DevOps & Infrastructure. Posted 3mo ago. ,2025-11-07T10:09:56.855779
Unknown,Staff Software Engineer - IAM,"Mountain View, California",https://databricks.com/company/careers/open-positions/job?gh_jid=7994801002,zapply,Zapply-GitHub,3mo ago,90.0,2025-08-09,20,False,Senior,Software Engineering,fulltime,False,False,Senior position at Unknown in Software Engineering. Posted 3mo ago. ,2025-11-07T10:09:56.855790
Unknown,Staff Software Engineer - IAM,"Bellevue, Washington",https://databricks.com/company/careers/open-positions/job?gh_jid=7994790002,zapply,Zapply-GitHub,3mo ago,90.0,2025-08-09,20,False,Senior,Software Engineering,fulltime,False,False,Senior position at Unknown in Software Engineering. Posted 3mo ago. ,2025-11-07T10:09:56.855801
Unknown,Staff Software Engineer - Money Team,"Bellevue, Washington",https://databricks.com/company/careers/open-positions/job?gh_jid=7111068002,zapply,Zapply-GitHub,3mo ago,90.0,2025-08-09,20,False,Senior,Software Engineering,fulltime,False,False,Senior position at Unknown in Software Engineering. Posted 3mo ago. ,2025-11-07T10:09:56.855813
Unknown,Staff Software Engineer - Security Infrastructure,"Mountain View, California",https://databricks.com/company/careers/open-positions/job?gh_jid=7994770002,zapply,Zapply-GitHub,3mo ago,90.0,2025-08-09,20,False,Senior,DevOps & Infrastructure,fulltime,False,False,Senior position at Unknown in DevOps & Infrastructure. Posted 3mo ago. ,2025-11-07T10:09:56.855823
Unknown,Staff Software Engineer - Security Infrastructure,"Bellevue, Washington",https://databricks.com/company/careers/open-positions/job?gh_jid=7994759002,zapply,Zapply-GitHub,3mo ago,90.0,2025-08-09,20,False,Senior,DevOps & Infrastructure,fulltime,False,False,Senior position at Unknown in DevOps & Infrastructure. Posted 3mo ago. ,2025-11-07T10:09:56.855837
Unknown,Staff Software Engineer - User Activation,"San Francisco, California",https://databricks.com/company/careers/open-positions/job?gh_jid=7979523002,zapply,Zapply-GitHub,3mo ago,90.0,2025-08-09,20,False,Senior,Software Engineering,fulltime,False,False,Senior position at Unknown in Software Engineering. Posted 3mo ago. ,2025-11-07T10:09:56.855848
Unknown,Role,Location,https://github.com/zapplyjobs/New-Grad-Jobs,zapply,Zapply-GitHub,Posted,,2025-11-07,50,False,Level,Category,fulltime,False,False,Level position at Unknown in Category. Posted Posted. ,2025-11-07T10:09:56.855989
Unknown,"Software Engineer, AI Platforms","San Francisco, CA ‚Ä¢ New York",https://boards.greenhouse.io/figma/jobs/5691886004?gh_jid=5691886004,zapply,Zapply-GitHub,1d ago,1.0,2025-11-06,90,True,Mid-Level,Machine Learning & AI,fulltime,False,False,Mid-Level position at Unknown in Machine Learning & AI. Posted 1d ago. ,2025-11-07T10:09:56.856003
Unknown,"Manager, Software Engineering - Creation Engine","San Francisco, CA ‚Ä¢ New York",https://boards.greenhouse.io/figma/jobs/5696366004?gh_jid=5696366004,zapply,Zapply-GitHub,2d ago,2.0,2025-11-05,90,True,Mid-Level,Software Engineering,fulltime,False,False,Mid-Level position at Unknown in Software Engineering. Posted 2d ago. ,2025-11-07T10:09:56.856015
Unknown,"Software Engineer, Full Stack","San Francisco, CA ‚Ä¢ New York",https://boards.greenhouse.io/figma/jobs/5691911004?gh_jid=5691911004,zapply,Zapply-GitHub,5d ago,5.0,2025-11-02,90,True,Mid-Level,Full Stack Development,fulltime,False,False,Mid-Level position at Unknown in Full Stack Development. Posted 5d ago. ,2025-11-07T10:09:56.856027
Unknown,"Software Engineer, Graphics & Media","San Francisco, CA ‚Ä¢ New York",https://boards.greenhouse.io/figma/jobs/5552522004?gh_jid=5552522004,zapply,Zapply-GitHub,1w ago,7.0,2025-10-31,75,False,Mid-Level,Software Engineering,fulltime,False,False,Mid-Level position at Unknown in Software Engineering. Posted 1w ago. ,2025-11-07T10:09:56.856039
Unknown,"Software Engineer, Data Infrastructure","San Francisco, CA ‚Ä¢ New York",https://boards.greenhouse.io/figma/jobs/5551686004?gh_jid=5551686004,zapply,Zapply-GitHub,1w ago,7.0,2025-10-31,75,False,Mid-Level,DevOps & Infrastructure,fulltime,False,False,Mid-Level position at Unknown in DevOps & Infrastructure. Posted 1w ago. ,2025-11-07T10:09:56.856051
Unknown,"Director, Product - Developer Tools","New York, NY ‚Ä¢ United States",https://boards.greenhouse.io/figma/jobs/5637880004?gh_jid=5637880004,zapply,Zapply-GitHub,1w ago,7.0,2025-10-31,75,False,Mid-Level,Software Engineering,fulltime,False,False,Mid-Level position at Unknown in Software Engineering. Posted 1w ago. ,2025-11-07T10:09:56.856062
Unknown,Data Engineer,"San Francisco, CA ‚Ä¢ New York",https://boards.greenhouse.io/figma/jobs/5220003004?gh_jid=5220003004,zapply,Zapply-GitHub,1w ago,7.0,2025-10-31,75,False,Mid-Level,Data Science & Analytics,fulltime,False,False,Mid-Level position at Unknown in Data Science & Analytics. Posted 1w ago. ,2025-11-07T10:09:56.856073
Unknown,"Director, Software Engineering - Growth","San Francisco, CA ‚Ä¢ New York",https://boards.greenhouse.io/figma/jobs/5579903004?gh_jid=5579903004,zapply,Zapply-GitHub,1w ago,7.0,2025-10-31,75,False,Mid-Level,Software Engineering,fulltime,False,False,Mid-Level position at Unknown in Software Engineering. Posted 1w ago. ,2025-11-07T10:09:56.856085
Unknown,"Director, Software Engineering - Product Platform","San Francisco, CA ‚Ä¢ New York",https://boards.greenhouse.io/figma/jobs/5600388004?gh_jid=5600388004,zapply,Zapply-GitHub,1w ago,7.0,2025-10-31,75,False,Mid-Level,DevOps & Infrastructure,fulltime,False,False,Mid-Level position at Unknown in DevOps & Infrastructure. Posted 1w ago. ,2025-11-07T10:09:56.856096
Unknown,"Early Career, Product Designer (2026)","San Francisco, CA ‚Ä¢ New York",https://boards.greenhouse.io/figma/jobs/5616455004?gh_jid=5616455004,zapply,Zapply-GitHub,1w ago,7.0,2025-10-31,75,False,Entry-Level,Design,fulltime,False,False,Entry-Level position at Unknown in Design. Posted 1w ago. ,2025-11-07T10:09:56.856108
Unknown,"Early Career, Software Engineer (2026)","San Francisco, CA ‚Ä¢ New York",https://boards.greenhouse.io/figma/jobs/5616603004?gh_jid=5616603004,zapply,Zapply-GitHub,1w ago,7.0,2025-10-31,75,False,Entry-Level,Software Engineering,fulltime,False,False,Entry-Level position at Unknown in Software Engineering. Posted 1w ago. ,2025-11-07T10:09:56.856119
Unknown,"Integration Engineer, AI","San Francisco, CA ‚Ä¢ New York",https://boards.greenhouse.io/figma/jobs/5660560004?gh_jid=5660560004,zapply,Zapply-GitHub,1w ago,7.0,2025-10-31,75,False,Mid-Level,Machine Learning & AI,fulltime,False,False,Mid-Level position at Unknown in Machine Learning & AI. Posted 1w ago. ,2025-11-07T10:09:56.856131
Unknown,IT Engineer,"San Francisco, CA ‚Ä¢ New York",https://boards.greenhouse.io/figma/jobs/5659323004?gh_jid=5659323004,zapply,Zapply-GitHub,1w ago,7.0,2025-10-31,75,False,Mid-Level,Software Engineering,fulltime,False,False,Mid-Level position at Unknown in Software Engineering. Posted 1w ago. ,2025-11-07T10:09:56.856142
Unknown,"Manager, Software Engineering - Collaboration Tools","San Francisco, CA ‚Ä¢ New York",https://boards.greenhouse.io/figma/jobs/5654898004?gh_jid=5654898004,zapply,Zapply-GitHub,1w ago,7.0,2025-10-31,75,False,Mid-Level,Software Engineering,fulltime,False,False,Mid-Level position at Unknown in Software Engineering. Posted 1w ago. ,2025-11-07T10:09:56.856153
Unknown,"Manager, Software Engineering - Expressive AI","New York, NY ‚Ä¢ United States",https://boards.greenhouse.io/figma/jobs/5678196004?gh_jid=5678196004,zapply,Zapply-GitHub,1w ago,7.0,2025-10-31,75,False,Mid-Level,Machine Learning & AI,fulltime,False,False,Mid-Level position at Unknown in Machine Learning & AI. Posted 1w ago. ,2025-11-07T10:09:56.856165
Unknown,"Manager, Software Engineering - Infrastructure","San Francisco, CA ‚Ä¢ New York",https://boards.greenhouse.io/figma/jobs/5568374004?gh_jid=5568374004,zapply,Zapply-GitHub,1w ago,7.0,2025-10-31,75,False,Mid-Level,DevOps & Infrastructure,fulltime,False,False,Mid-Level position at Unknown in DevOps & Infrastructure. Posted 1w ago. ,2025-11-07T10:09:56.856176
Unknown,"PhD Intern, Security Engineer (2026)","San Francisco, CA ‚Ä¢ New York",https://boards.greenhouse.io/figma/jobs/5611154004?gh_jid=5611154004,zapply,Zapply-GitHub,1w ago,7.0,2025-10-31,75,False,Entry-Level,Security Engineering,internship,False,False,Entry-Level position at Unknown in Security Engineering. Posted 1w ago. ,2025-11-07T10:09:56.856189
Unknown,"PhD Intern, Software Engineer - Graphics (2026)","San Francisco, CA ‚Ä¢ New York",https://boards.greenhouse.io/figma/jobs/5609067004?gh_jid=5609067004,zapply,Zapply-GitHub,1w ago,7.0,2025-10-31,75,False,Entry-Level,Software Engineering,internship,False,False,Entry-Level position at Unknown in Software Engineering. Posted 1w ago. ,2025-11-07T10:09:56.856205
Unknown,Security Engineer,"San Francisco, CA ‚Ä¢ New York",https://boards.greenhouse.io/figma/jobs/5551463004?gh_jid=5551463004,zapply,Zapply-GitHub,1w ago,7.0,2025-10-31,75,False,Mid-Level,Security Engineering,fulltime,False,False,Mid-Level position at Unknown in Security Engineering. Posted 1w ago. ,2025-11-07T10:09:56.856216
Unknown,"Software Engineer, AI Product","San Francisco, CA ‚Ä¢ New York",https://boards.greenhouse.io/figma/jobs/5551730004?gh_jid=5551730004,zapply,Zapply-GitHub,1w ago,7.0,2025-10-31,75,False,Mid-Level,Machine Learning & AI,fulltime,False,False,Mid-Level position at Unknown in Machine Learning & AI. Posted 1w ago. ,2025-11-07T10:09:56.856227
Unknown,"Software Engineer, C++","San Francisco, CA ‚Ä¢ New York",https://boards.greenhouse.io/figma/jobs/5552530004?gh_jid=5552530004,zapply,Zapply-GitHub,1w ago,7.0,2025-10-31,75,False,Mid-Level,Software Engineering,fulltime,False,False,Mid-Level position at Unknown in Software Engineering. Posted 1w ago. ,2025-11-07T10:09:56.856240
Unknown,"Software Engineer, Growth & Monetization","San Francisco, CA ‚Ä¢ New York",https://boards.greenhouse.io/figma/jobs/5552560004?gh_jid=5552560004,zapply,Zapply-GitHub,1w ago,7.0,2025-10-31,75,False,Mid-Level,Software Engineering,fulltime,False,False,Mid-Level position at Unknown in Software Engineering. Posted 1w ago. ,2025-11-07T10:09:56.856252
Unknown,"Software Engineer, Infrastructure","San Francisco, CA ‚Ä¢ New York",https://boards.greenhouse.io/figma/jobs/5552549004?gh_jid=5552549004,zapply,Zapply-GitHub,1w ago,7.0,2025-10-31,75,False,Mid-Level,DevOps & Infrastructure,fulltime,False,False,Mid-Level position at Unknown in DevOps & Infrastructure. Posted 1w ago. ,2025-11-07T10:09:56.856264
Unknown,Software Engineer Intern (2026),"San Francisco, CA ‚Ä¢ New York",https://boards.greenhouse.io/figma/jobs/5602159004?gh_jid=5602159004,zapply,Zapply-GitHub,1w ago,7.0,2025-10-31,75,False,Entry-Level,Software Engineering,internship,False,False,Entry-Level position at Unknown in Software Engineering. Posted 1w ago. ,2025-11-07T10:09:56.856276
Unknown,"Software Engineer, iOS","San Francisco, CA ‚Ä¢ New York",https://boards.greenhouse.io/figma/jobs/5566267004?gh_jid=5566267004,zapply,Zapply-GitHub,1w ago,7.0,2025-10-31,75,False,Mid-Level,Mobile Development,fulltime,False,False,Mid-Level position at Unknown in Mobile Development. Posted 1w ago. ,2025-11-07T10:09:56.856287
Unknown,"Software Engineer, Machine Learning","San Francisco, CA ‚Ä¢ New York",https://boards.greenhouse.io/figma/jobs/5551532004?gh_jid=5551532004,zapply,Zapply-GitHub,1w ago,7.0,2025-10-31,75,False,Mid-Level,Machine Learning & AI,fulltime,False,False,Mid-Level position at Unknown in Machine Learning & AI. Posted 1w ago. ,2025-11-07T10:09:56.856299
Unknown,"Software Engineer, Production Engineering","San Francisco, CA ‚Ä¢ New York",https://boards.greenhouse.io/figma/jobs/5551649004?gh_jid=5551649004,zapply,Zapply-GitHub,1w ago,7.0,2025-10-31,75,False,Mid-Level,Software Engineering,fulltime,False,False,Mid-Level position at Unknown in Software Engineering. Posted 1w ago. ,2025-11-07T10:09:56.856311
Discord,"Senior Software Engineer, Mobile Architecture",San Francisco Bay Area,https://job-boards.greenhouse.io/discord/jobs/8245138002,zapply,Zapply-GitHub,14h ago,0.5833333333333334,2025-11-06,100,True,Senior,Mobile Development,fulltime,False,False,Senior position at Discord in Mobile Development. Posted 14h ago. ,2025-11-07T10:09:56.856328
Discord,C++ Senior Software Engineer,San Francisco Bay Area,https://job-boards.greenhouse.io/discord/jobs/7966411002,zapply,Zapply-GitHub,3d ago,3.0,2025-11-04,90,True,Senior,Software Engineering,fulltime,False,False,Senior position at Discord in Software Engineering. Posted 3d ago. ,2025-11-07T10:09:56.856339
Discord,"Director of Engineering, Developer Platform",San Francisco Bay Area,https://job-boards.greenhouse.io/discord/jobs/8187999002,zapply,Zapply-GitHub,3d ago,3.0,2025-11-04,90,True,Mid-Level,DevOps & Infrastructure,fulltime,False,False,Mid-Level position at Discord in DevOps & Infrastructure. Posted 3d ago. ,2025-11-07T10:09:56.856350
Discord,"Engineering Manager, Ads Formats",San Francisco Bay Area,https://job-boards.greenhouse.io/discord/jobs/8101770002,zapply,Zapply-GitHub,3d ago,3.0,2025-11-04,90,True,Mid-Level,Software Engineering,fulltime,False,False,Mid-Level position at Discord in Software Engineering. Posted 3d ago. ,2025-11-07T10:09:56.856361
Discord,"Engineering Manager, Ads Infra",San Francisco Bay Area,https://job-boards.greenhouse.io/discord/jobs/8175392002,zapply,Zapply-GitHub,3d ago,3.0,2025-11-04,90,True,Mid-Level,Software Engineering,fulltime,False,False,Mid-Level position at Discord in Software Engineering. Posted 3d ago. ,2025-11-07T10:09:56.856372
Discord,"Engineering Manager, Core Product",San Francisco Bay Area,https://job-boards.greenhouse.io/discord/jobs/8161010002,zapply,Zapply-GitHub,3d ago,3.0,2025-11-04,90,True,Mid-Level,Software Engineering,fulltime,False,False,Mid-Level position at Discord in Software Engineering. Posted 3d ago. ,2025-11-07T10:09:56.856384
Discord,"Engineering Manager, Experiences",Remote (U.S.),https://job-boards.greenhouse.io/discord/jobs/7991189002,zapply,Zapply-GitHub,3d ago,3.0,2025-11-04,90,True,Mid-Level,Software Engineering,fulltime,False,False,Mid-Level position at Discord in Software Engineering. Posted 3d ago. ,2025-11-07T10:09:56.856394
Discord,Engineering Manager - Internal Developer Experience,San Francisco Bay Area,https://job-boards.greenhouse.io/discord/jobs/8150540002,zapply,Zapply-GitHub,3d ago,3.0,2025-11-04,90,True,Entry-Level,Software Engineering,internship,False,False,Entry-Level position at Discord in Software Engineering. Posted 3d ago. ,2025-11-07T10:09:56.856405
Discord,Senior Privacy Engineer,San Francisco Bay Area,https://job-boards.greenhouse.io/discord/jobs/8105734002,zapply,Zapply-GitHub,3d ago,3.0,2025-11-04,90,True,Senior,Software Engineering,fulltime,False,False,Senior position at Discord in Software Engineering. Posted 3d ago. ,2025-11-07T10:09:56.856416
Discord,"Senior Product Design Manager, Player & Developer Experience",San Francisco Bay Area,https://job-boards.greenhouse.io/discord/jobs/8190428002,zapply,Zapply-GitHub,3d ago,3.0,2025-11-04,90,True,Senior,Design,fulltime,False,False,Senior position at Discord in Design. Posted 3d ago. ,2025-11-07T10:09:56.856427
Discord,"Senior Software Engineer, Ads",San Francisco Bay Area,https://job-boards.greenhouse.io/discord/jobs/8177757002,zapply,Zapply-GitHub,3d ago,3.0,2025-11-04,90,True,Senior,Software Engineering,fulltime,False,False,Senior position at Discord in Software Engineering. Posted 3d ago. ,2025-11-07T10:09:56.856438
Discord,"Senior Software Engineer, Ads (UI/UX Specialist)",San Francisco Bay Area,https://job-boards.greenhouse.io/discord/jobs/8149391002,zapply,Zapply-GitHub,3d ago,3.0,2025-11-04,90,True,Senior,Frontend Development,fulltime,False,False,Senior position at Discord in Frontend Development. Posted 3d ago. ,2025-11-07T10:09:56.856449
Discord,"Senior Software Engineer, Consumer Revenue",San Francisco Bay Area,https://job-boards.greenhouse.io/discord/jobs/8182912002,zapply,Zapply-GitHub,3d ago,3.0,2025-11-04,90,True,Senior,Software Engineering,fulltime,False,False,Senior position at Discord in Software Engineering. Posted 3d ago. ,2025-11-07T10:09:56.856460
Discord,Senior Software Engineer- Database Infrastructure,San Francisco Bay Area,https://job-boards.greenhouse.io/discord/jobs/8200328002,zapply,Zapply-GitHub,3d ago,3.0,2025-11-04,90,True,Senior,DevOps & Infrastructure,fulltime,False,False,Senior position at Discord in DevOps & Infrastructure. Posted 3d ago. ,2025-11-07T10:09:56.856471
Discord,"Senior Software Engineer, Data Platform",San Francisco Bay Area,https://job-boards.greenhouse.io/discord/jobs/8112880002,zapply,Zapply-GitHub,3d ago,3.0,2025-11-04,90,True,Senior,DevOps & Infrastructure,fulltime,False,False,Senior position at Discord in DevOps & Infrastructure. Posted 3d ago. ,2025-11-07T10:09:56.856483
Discord,Senior Software Engineer - Platform Infrastructure,San Francisco Bay Area,https://job-boards.greenhouse.io/discord/jobs/8136321002,zapply,Zapply-GitHub,3d ago,3.0,2025-11-04,90,True,Senior,DevOps & Infrastructure,fulltime,False,False,Senior position at Discord in DevOps & Infrastructure. Posted 3d ago. ,2025-11-07T10:09:56.856494
Discord,"Software Engineer, Ads",San Francisco Bay Area,https://job-boards.greenhouse.io/discord/jobs/8101855002,zapply,Zapply-GitHub,3d ago,3.0,2025-11-04,90,True,Mid-Level,Software Engineering,fulltime,False,False,Mid-Level position at Discord in Software Engineering. Posted 3d ago. ,2025-11-07T10:09:56.856505
Discord,"Software Engineer, E-Commerce Platform",San Francisco Bay Area,https://job-boards.greenhouse.io/discord/jobs/8187906002,zapply,Zapply-GitHub,3d ago,3.0,2025-11-04,90,True,Mid-Level,DevOps & Infrastructure,fulltime,False,False,Mid-Level position at Discord in DevOps & Infrastructure. Posted 3d ago. ,2025-11-07T10:09:56.856518
Discord,"Software Engineer, Mobile",San Francisco Bay Area,https://job-boards.greenhouse.io/discord/jobs/8177727002,zapply,Zapply-GitHub,3d ago,3.0,2025-11-04,90,True,Mid-Level,Mobile Development,fulltime,False,False,Mid-Level position at Discord in Mobile Development. Posted 3d ago. ,2025-11-07T10:09:56.856529
Discord,"Staff Data Engineer, Ads",San Francisco Bay Area or Remote (U.S.),https://job-boards.greenhouse.io/discord/jobs/8129458002,zapply,Zapply-GitHub,3d ago,3.0,2025-11-04,90,True,Senior,Data Science & Analytics,fulltime,False,False,Senior position at Discord in Data Science & Analytics. Posted 3d ago. ,2025-11-07T10:09:56.856540
Discord,"Staff Software Engineer, Ads",San Francisco Bay Area,https://job-boards.greenhouse.io/discord/jobs/8101803002,zapply,Zapply-GitHub,3d ago,3.0,2025-11-04,90,True,Senior,Software Engineering,fulltime,False,False,Senior position at Discord in Software Engineering. Posted 3d ago. ,2025-11-07T10:09:56.856551
Discord,"Staff Software Engineer, Machine Learning",San Francisco Bay Area or Remote (U.S),https://job-boards.greenhouse.io/discord/jobs/8225578002,zapply,Zapply-GitHub,3d ago,3.0,2025-11-04,90,True,Senior,Machine Learning & AI,fulltime,False,False,Senior position at Discord in Machine Learning & AI. Posted 3d ago. ,2025-11-07T10:09:56.856561
Discord,"Staff Software Engineer, Machine Learning Platform",San Francisco Bay Area,https://job-boards.greenhouse.io/discord/jobs/8192133002,zapply,Zapply-GitHub,3d ago,3.0,2025-11-04,90,True,Senior,Machine Learning & AI,fulltime,False,False,Senior position at Discord in Machine Learning & AI. Posted 3d ago. ,2025-11-07T10:09:56.856574
Discord,"Staff Software Engineer, Platform Security",San Francisco Bay Area,https://job-boards.greenhouse.io/discord/jobs/8177912002,zapply,Zapply-GitHub,3d ago,3.0,2025-11-04,90,True,Senior,DevOps & Infrastructure,fulltime,False,False,Senior position at Discord in DevOps & Infrastructure. Posted 3d ago. ,2025-11-07T10:09:56.856585
Discord,"Staff Software Engineer, Safety Processing",San Francisco Bay Area,https://job-boards.greenhouse.io/discord/jobs/8214127002,zapply,Zapply-GitHub,3d ago,3.0,2025-11-04,90,True,Senior,Software Engineering,fulltime,False,False,Senior position at Discord in Software Engineering. Posted 3d ago. ,2025-11-07T10:09:56.856597
Discord,Staff Software Engineer - UI and Interactions (Full-Stack),Remote (U.S.),https://job-boards.greenhouse.io/discord/jobs/8058456002,zapply,Zapply-GitHub,3d ago,3.0,2025-11-04,90,True,Senior,Frontend Development,fulltime,False,False,Senior position at Discord in Frontend Development. Posted 3d ago. ,2025-11-07T10:09:56.856607
Discord,Staff Software Engineer ‚Äì UI/UX Specialist,Remote (U.S.),https://job-boards.greenhouse.io/discord/jobs/7854326002,zapply,Zapply-GitHub,3d ago,3.0,2025-11-04,90,True,Senior,Frontend Development,fulltime,False,False,Senior position at Discord in Frontend Development. Posted 3d ago. ,2025-11-07T10:09:56.856618
Discord,Role,Location,https://github.com/zapplyjobs/New-Grad-Jobs,zapply,Zapply-GitHub,Posted,,2025-11-07,50,False,Level,Category,fulltime,False,False,Level position at Discord in Category. Posted Posted. ,2025-11-07T10:09:56.856630
Discord,Autonomous Vehicle Safety & Compliance Engineer,"New York, NY",https://app.careerpuck.com/job-board/lyft/job/8155142002?gh_jid=8155142002,zapply,Zapply-GitHub,2d ago,2.0,2025-11-05,90,True,Mid-Level,Software Engineering,fulltime,False,False,Mid-Level position at Discord in Software Engineering. Posted 2d ago. ,2025-11-07T10:09:56.856640
Discord,Autonomous Vehicle Safety & Compliance Engineer,"San Francisco, CA",https://app.careerpuck.com/job-board/lyft/job/8155036002?gh_jid=8155036002,zapply,Zapply-GitHub,2d ago,2.0,2025-11-05,90,True,Mid-Level,Software Engineering,fulltime,False,False,Mid-Level position at Discord in Software Engineering. Posted 2d ago. ,2025-11-07T10:09:56.856651
Discord,"Senior Software Engineer, Lyft Ads","New York, NY",https://app.careerpuck.com/job-board/lyft/job/8161095002?gh_jid=8161095002,zapply,Zapply-GitHub,3d ago,3.0,2025-11-04,90,True,Senior,Software Engineering,fulltime,False,False,Senior position at Discord in Software Engineering. Posted 3d ago. ,2025-11-07T10:09:56.856662
Discord,"Senior Software Engineer (backend), AI","New York, NY",https://app.careerpuck.com/job-board/lyft/job/8221138002?gh_jid=8221138002,zapply,Zapply-GitHub,1w ago,7.0,2025-10-31,75,False,Senior,Backend Development,fulltime,False,False,Senior position at Discord in Backend Development. Posted 1w ago. ,2025-11-07T10:09:56.856672
Discord,"Senior Software Engineer (Backend), AI","San Francisco, CA",https://app.careerpuck.com/job-board/lyft/job/8221122002?gh_jid=8221122002,zapply,Zapply-GitHub,1w ago,7.0,2025-10-31,75,False,Senior,Backend Development,fulltime,False,False,Senior position at Discord in Backend Development. Posted 1w ago. ,2025-11-07T10:09:56.856682
Discord,"iOS Engineer, Mobile Foundations","San Francisco, CA",https://app.careerpuck.com/job-board/lyft/job/8181338002?gh_jid=8181338002,zapply,Zapply-GitHub,2w ago,14.0,2025-10-24,60,False,Mid-Level,Mobile Development,fulltime,False,False,Mid-Level position at Discord in Mobile Development. Posted 2w ago. ,2025-11-07T10:09:56.856693
Discord,Data Engineer Intern (Summer 2026),"San Francisco, CA",https://app.careerpuck.com/job-board/lyft/job/8218030002?gh_jid=8218030002,zapply,Zapply-GitHub,2w ago,14.0,2025-10-24,60,False,Entry-Level,Data Science & Analytics,internship,False,False,Entry-Level position at Discord in Data Science & Analytics. Posted 2w ago. ,2025-11-07T10:09:56.856703
Discord,"Software Engineer Intern, Mobile iOS (Summer 2026)","San Francisco, CA",https://app.careerpuck.com/job-board/lyft/job/8215921002?gh_jid=8215921002,zapply,Zapply-GitHub,2w ago,14.0,2025-10-24,60,False,Entry-Level,Mobile Development,internship,False,False,Entry-Level position at Discord in Mobile Development. Posted 2w ago. ,2025-11-07T10:09:56.856713
Discord,"Senior Frontend Engineer, Lyft Business","San Francisco, CA",https://app.careerpuck.com/job-board/lyft/job/8160801002?gh_jid=8160801002,zapply,Zapply-GitHub,2w ago,14.0,2025-10-24,60,False,Senior,Frontend Development,fulltime,False,False,Senior position at Discord in Frontend Development. Posted 2w ago. ,2025-11-07T10:09:56.856734
Discord,"Software Engineer, Lyft Ads","New York, NY",https://app.careerpuck.com/job-board/lyft/job/8187854002?gh_jid=8187854002,zapply,Zapply-GitHub,2w ago,14.0,2025-10-24,60,False,Mid-Level,Software Engineering,fulltime,False,False,Mid-Level position at Discord in Software Engineering. Posted 2w ago. ,2025-11-07T10:09:56.856744
Discord,Senior Android Tooling Engineer,"San Francisco, CA",https://app.careerpuck.com/job-board/lyft/job/8181311002?gh_jid=8181311002,zapply,Zapply-GitHub,3w ago,21.0,2025-10-17,60,False,Senior,Mobile Development,fulltime,False,False,Senior position at Discord in Mobile Development. Posted 3w ago. ,2025-11-07T10:09:56.856754
Discord,Android Tooling Engineer,"San Francisco, CA",https://app.careerpuck.com/job-board/lyft/job/8210177002?gh_jid=8210177002,zapply,Zapply-GitHub,3w ago,21.0,2025-10-17,60,False,Mid-Level,Mobile Development,fulltime,False,False,Mid-Level position at Discord in Mobile Development. Posted 3w ago. ,2025-11-07T10:09:56.856764
Discord,"Senior Software Engineer, Security Foundations (Networking Infrastructure Projects)","Seattle, WA",https://app.careerpuck.com/job-board/lyft/job/7836506002?gh_jid=7836506002,zapply,Zapply-GitHub,4w ago,28.0,2025-10-10,60,False,Senior,DevOps & Infrastructure,fulltime,False,False,Senior position at Discord in DevOps & Infrastructure. Posted 4w ago. ,2025-11-07T10:09:56.856774
Discord,"Senior Software Engineer, Security Foundations (Networking Infrastructure Projects)","San Francisco, CA",https://app.careerpuck.com/job-board/lyft/job/7806017002?gh_jid=7806017002,zapply,Zapply-GitHub,4w ago,28.0,2025-10-10,60,False,Senior,DevOps & Infrastructure,fulltime,False,False,Senior position at Discord in DevOps & Infrastructure. Posted 4w ago. ,2025-11-07T10:09:56.856785
Discord,"Software Engineer, Rider","San Francisco, CA",https://app.careerpuck.com/job-board/lyft/job/8193572002?gh_jid=8193572002,zapply,Zapply-GitHub,1mo ago,30.0,2025-10-08,40,False,Mid-Level,Software Engineering,fulltime,False,False,Mid-Level position at Discord in Software Engineering. Posted 1mo ago. ,2025-11-07T10:09:56.856795
Discord,Senior Frontend Infra Engineer,"New York, NY",https://app.careerpuck.com/job-board/lyft/job/8083771002?gh_jid=8083771002,zapply,Zapply-GitHub,1mo ago,30.0,2025-10-08,40,False,Senior,Frontend Development,fulltime,False,False,Senior position at Discord in Frontend Development. Posted 1mo ago. ,2025-11-07T10:09:56.856805
Discord,Company,Role,https://github.com/zapplyjobs/New-Grad-Jobs,zapply,Zapply-GitHub,Location,,2025-11-07,50,False,Posted,Level,fulltime,False,False,Posted position at Discord in Level. Posted Location. ,2025-11-07T10:09:56.856815
Discord,üè† **Airbnb**,"Staff Software Engineer, Host Pricing & Settings",https://github.com/zapplyjobs/New-Grad-Jobs,zapply,Zapply-GitHub,Remote üè†,,2025-11-07,50,False,16h ago,Senior,fulltime,False,False,16h ago position at Discord in Senior. Posted Remote üè†. ,2025-11-07T10:09:56.856827
Discord,üè† **Airbnb**,"Senior Android Engineer, Trust Platform",https://github.com/zapplyjobs/New-Grad-Jobs,zapply,Zapply-GitHub,Remote üè†,,2025-11-07,50,False,22h ago,Senior,fulltime,False,False,22h ago position at Discord in Senior. Posted Remote üè†. ,2025-11-07T10:09:56.856837
Discord,üè† **Airbnb**,"iOS Software Engineer, Guest & Host",https://github.com/zapplyjobs/New-Grad-Jobs,zapply,Zapply-GitHub,Remote üè†,,2025-11-07,50,False,2d ago,Mid-Level,fulltime,False,False,2d ago position at Discord in Mid-Level. Posted Remote üè†. ,2025-11-07T10:09:56.856848
Discord,üè† **Airbnb**,"Staff Software Engineer, Experimentation Data",https://github.com/zapplyjobs/New-Grad-Jobs,zapply,Zapply-GitHub,Remote USA,,2025-11-07,50,False,3w ago,Senior,fulltime,False,False,3w ago position at Discord in Senior. Posted Remote USA. ,2025-11-07T10:09:56.856857
Discord,üè† **Airbnb**,Senior Fullstack Engineer Community Support Engineering,https://github.com/zapplyjobs/New-Grad-Jobs,zapply,Zapply-GitHub,Remote üè†,,2025-11-07,50,False,4w ago,Senior,fulltime,False,False,4w ago position at Discord in Senior. Posted Remote üè†. ,2025-11-07T10:09:56.856867
Discord,üè† **Airbnb**,"Senior Software Engineer, Host Pricing & Settings",https://github.com/zapplyjobs/New-Grad-Jobs,zapply,Zapply-GitHub,Remote USA,,2025-11-07,50,False,4w ago,Senior,fulltime,False,False,4w ago position at Discord in Senior. Posted Remote USA. ,2025-11-07T10:09:56.856890
Discord,üè† **Airbnb**,"Staff iOS Engineer, Client Products & Emerging Tech",https://github.com/zapplyjobs/New-Grad-Jobs,zapply,Zapply-GitHub,Remote üè†,,2025-11-07,50,False,4w ago,Senior,fulltime,False,False,4w ago position at Discord in Senior. Posted Remote üè†. ,2025-11-07T10:09:56.856900
Discord,üè† **Airbnb**,"Staff iOS Engineer, Guest & Host",https://github.com/zapplyjobs/New-Grad-Jobs,zapply,Zapply-GitHub,Remote United States,,2025-11-07,50,False,4w ago,Senior,fulltime,False,False,4w ago position at Discord in Senior. Posted Remote United States. ,2025-11-07T10:09:56.856910
Discord,üè† **Airbnb**,"Staff Software Engineer, Growth Platform",https://github.com/zapplyjobs/New-Grad-Jobs,zapply,Zapply-GitHub,Remote üè†,,2025-11-07,50,False,4w ago,Senior,fulltime,False,False,4w ago position at Discord in Senior. Posted Remote üè†. ,2025-11-07T10:09:56.856920
Discord,üè† **Airbnb**,"Staff Software Engineer, Trust",https://github.com/zapplyjobs/New-Grad-Jobs,zapply,Zapply-GitHub,Remote üè†,,2025-11-07,50,False,4w ago,Senior,fulltime,False,False,4w ago position at Discord in Senior. Posted Remote üè†. ,2025-11-07T10:09:56.856929
Stripe,"PhD Machine Learning Engineer, New Grad","San Francisco, New York City",https://stripe.com/jobs/search?gh_jid=7216668,zapply,Zapply-GitHub,1d ago,1.0,2025-11-06,90,True,Entry-Level,Machine Learning & AI,fulltime,False,True,Entry-Level position at Stripe in Machine Learning & AI. Posted 1d ago. Top-tier tech company. ,2025-11-07T10:09:56.856944
Stripe,"AI/ML Engineering Manager, Payment Intelligence","US-SF, US-NYC",https://stripe.com/jobs/search?gh_jid=7286376,zapply,Zapply-GitHub,2d ago,2.0,2025-11-05,90,True,Mid-Level,Machine Learning & AI,fulltime,False,True,Mid-Level position at Stripe in Machine Learning & AI. Posted 2d ago. Top-tier tech company. ,2025-11-07T10:09:56.856954
Stripe,"Android Engineer, OS Platform","San Francisco, Remote in US",https://stripe.com/jobs/search?gh_jid=7243475,zapply,Zapply-GitHub,2d ago,2.0,2025-11-05,90,True,Mid-Level,Mobile Development,fulltime,False,True,Mid-Level position at Stripe in Mobile Development. Posted 2d ago. Top-tier tech company. ,2025-11-07T10:09:56.856963
Stripe,"Backend Engineer, Core Technology","Seattle, San Francisco",https://stripe.com/jobs/search?gh_jid=6042172,zapply,Zapply-GitHub,2d ago,2.0,2025-11-05,90,True,Mid-Level,Backend Development,fulltime,False,True,Mid-Level position at Stripe in Backend Development. Posted 2d ago. Top-tier tech company. ,2025-11-07T10:09:56.856972
Stripe,Broadcast Engineer,"San Francisco, CA",https://stripe.com/jobs/search?gh_jid=6632309,zapply,Zapply-GitHub,2d ago,2.0,2025-11-05,90,True,Mid-Level,Software Engineering,fulltime,False,True,Mid-Level position at Stripe in Software Engineering. Posted 2d ago. Top-tier tech company. ,2025-11-07T10:09:56.856983
Stripe,"Compensation Partner, Product & Engineering","NYC, San Francisco",https://stripe.com/jobs/search?gh_jid=7203552,zapply,Zapply-GitHub,2d ago,2.0,2025-11-05,90,True,Mid-Level,Software Engineering,fulltime,False,True,Mid-Level position at Stripe in Software Engineering. Posted 2d ago. Top-tier tech company. ,2025-11-07T10:09:56.856993
Stripe,"Corporate Engineering Manager, Automations & Integrations",Remote in the US,https://stripe.com/jobs/search?gh_jid=7155895,zapply,Zapply-GitHub,2d ago,2.0,2025-11-05,90,True,Mid-Level,Software Engineering,fulltime,False,True,Mid-Level position at Stripe in Software Engineering. Posted 2d ago. Top-tier tech company. ,2025-11-07T10:09:56.857002
Stripe,"Developer Experience Engineer, Privy","NYC-Privy, US-Remote",https://stripe.com/jobs/search?gh_jid=7104344,zapply,Zapply-GitHub,2d ago,2.0,2025-11-05,90,True,Mid-Level,Software Engineering,fulltime,False,True,Mid-Level position at Stripe in Software Engineering. Posted 2d ago. Top-tier tech company. ,2025-11-07T10:09:56.857011
Stripe,"Engineering Manager, Merchant Health Experience","Seattle, San Francisco",https://stripe.com/jobs/search?gh_jid=7366186,zapply,Zapply-GitHub,2d ago,2.0,2025-11-05,90,True,Mid-Level,Software Engineering,fulltime,False,True,Mid-Level position at Stripe in Software Engineering. Posted 2d ago. Top-tier tech company. ,2025-11-07T10:09:56.857020
Stripe,"Engineering Manager, Privy",New York Privy HQ,https://stripe.com/jobs/search?gh_jid=7129418,zapply,Zapply-GitHub,2d ago,2.0,2025-11-05,90,True,Mid-Level,Software Engineering,fulltime,False,True,Mid-Level position at Stripe in Software Engineering. Posted 2d ago. Top-tier tech company. ,2025-11-07T10:09:56.857029
Stripe,"Engineering Manager, Product and Business","US-Remote, Chicago",https://stripe.com/jobs/search?gh_jid=6909015,zapply,Zapply-GitHub,2d ago,2.0,2025-11-05,90,True,Mid-Level,Software Engineering,fulltime,False,True,Mid-Level position at Stripe in Software Engineering. Posted 2d ago. Top-tier tech company. ,2025-11-07T10:09:56.857039
Stripe,"Forward Deployed Engineer, Privy",New York Privy HQ,https://stripe.com/jobs/search?gh_jid=7230452,zapply,Zapply-GitHub,2d ago,2.0,2025-11-05,90,True,Mid-Level,Software Engineering,fulltime,False,True,Mid-Level position at Stripe in Software Engineering. Posted 2d ago. Top-tier tech company. ,2025-11-07T10:09:56.857048
Stripe,"Frontend Engineering Manager, Payments","Seattle, San Francisco",https://stripe.com/jobs/search?gh_jid=7063232,zapply,Zapply-GitHub,2d ago,2.0,2025-11-05,90,True,Mid-Level,Frontend Development,fulltime,False,True,Mid-Level position at Stripe in Frontend Development. Posted 2d ago. Top-tier tech company. ,2025-11-07T10:09:56.857057
Stripe,"Full Stack Engineer, Managed Operations","Seattle, New York City",https://stripe.com/jobs/search?gh_jid=7271571,zapply,Zapply-GitHub,2d ago,2.0,2025-11-05,90,True,Mid-Level,Full Stack Development,fulltime,False,True,Mid-Level position at Stripe in Full Stack Development. Posted 2d ago. Top-tier tech company. ,2025-11-07T10:09:56.857066
Stripe,"Machine Learning Engineer, Foundation Model",US - San Francisco; Seattle; New York City,https://stripe.com/jobs/search?gh_jid=7275014,zapply,Zapply-GitHub,2d ago,2.0,2025-11-05,90,True,Mid-Level,Machine Learning & AI,fulltime,False,True,Mid-Level position at Stripe in Machine Learning & AI. Posted 2d ago. Top-tier tech company. ,2025-11-07T10:09:56.857075
Stripe,"Machine Learning Engineer, Identity Product","San Francisco, Seattle",https://stripe.com/jobs/search?gh_jid=6363655,zapply,Zapply-GitHub,2d ago,2.0,2025-11-05,90,True,Mid-Level,Machine Learning & AI,fulltime,False,True,Mid-Level position at Stripe in Machine Learning & AI. Posted 2d ago. Top-tier tech company. ,2025-11-07T10:09:56.857086
Stripe,"Machine Learning Engineer, Payments ML Accelerator",Seattle; San Francisco; New York City,https://stripe.com/jobs/search?gh_jid=7079044,zapply,Zapply-GitHub,2d ago,2.0,2025-11-05,90,True,Mid-Level,Machine Learning & AI,fulltime,False,True,Mid-Level position at Stripe in Machine Learning & AI. Posted 2d ago. Top-tier tech company. ,2025-11-07T10:09:56.857095
Stripe,"Machine Learning Engineer, Supportability",San Francisco or Seattle,https://stripe.com/jobs/search?gh_jid=7176812,zapply,Zapply-GitHub,2d ago,2.0,2025-11-05,90,True,Mid-Level,Machine Learning & AI,fulltime,False,True,Mid-Level position at Stripe in Machine Learning & AI. Posted 2d ago. Top-tier tech company. ,2025-11-07T10:09:56.857104
Stripe,"PhD Machine Learning Engineer, Intern","San Francisco, New York City",https://stripe.com/jobs/search?gh_jid=7216664,zapply,Zapply-GitHub,2d ago,2.0,2025-11-05,90,True,Entry-Level,Machine Learning & AI,internship,False,True,Entry-Level position at Stripe in Machine Learning & AI. Posted 2d ago. Top-tier tech company. ,2025-11-07T10:09:56.857113
Stripe,"Senior Staff Engineer, Core Infrastructure","Seattle,SF",https://stripe.com/jobs/search?gh_jid=7017350,zapply,Zapply-GitHub,2d ago,2.0,2025-11-05,90,True,Senior,DevOps & Infrastructure,fulltime,False,True,Senior position at Stripe in DevOps & Infrastructure. Posted 2d ago. Top-tier tech company. ,2025-11-07T10:09:56.857122
Stripe,"Software Engineer, Intern (Summer and Winter)","San Francisco, Seattle",https://stripe.com/jobs/search?gh_jid=7210115,zapply,Zapply-GitHub,2d ago,2.0,2025-11-05,90,True,Entry-Level,Software Engineering,internship,False,True,Entry-Level position at Stripe in Software Engineering. Posted 2d ago. Top-tier tech company. ,2025-11-07T10:09:56.857131
Stripe,"Software Engineer, New Grad","San Francisco, Seattle",https://stripe.com/jobs/search?gh_jid=7210112,zapply,Zapply-GitHub,2d ago,2.0,2025-11-05,90,True,Entry-Level,Software Engineering,fulltime,False,True,Entry-Level position at Stripe in Software Engineering. Posted 2d ago. Top-tier tech company. ,2025-11-07T10:09:56.857140
Stripe,"Software Engineer, Security Accelerate",Remote,https://stripe.com/jobs/search?gh_jid=7351461,zapply,Zapply-GitHub,2d ago,2.0,2025-11-05,90,True,Mid-Level,Security Engineering,fulltime,False,True,Mid-Level position at Stripe in Security Engineering. Posted 2d ago. Top-tier tech company. ,2025-11-07T10:09:56.857149
Stripe,"Staff Engineer, App Platform","San Francisco, Seattle",https://stripe.com/jobs/search?gh_jid=6885408,zapply,Zapply-GitHub,2d ago,2.0,2025-11-05,90,True,Senior,DevOps & Infrastructure,fulltime,False,True,Senior position at Stripe in DevOps & Infrastructure. Posted 2d ago. Top-tier tech company. ,2025-11-07T10:09:56.857159
Stripe,"Staff Engineer, RFA Forward Deployed Engineering",Seattle,https://stripe.com/jobs/search?gh_jid=7154047,zapply,Zapply-GitHub,2d ago,2.0,2025-11-05,90,True,Senior,Software Engineering,fulltime,False,True,Senior position at Stripe in Software Engineering. Posted 2d ago. Top-tier tech company. ,2025-11-07T10:09:56.857169
Stripe,"Staff Fullstack Engineer, Privy","NYC-Privy, US-Remote",https://stripe.com/jobs/search?gh_jid=7091959,zapply,Zapply-GitHub,2d ago,2.0,2025-11-05,90,True,Senior,Full Stack Development,fulltime,False,True,Senior position at Stripe in Full Stack Development. Posted 2d ago. Top-tier tech company. ,2025-11-07T10:09:56.857178
Stripe,"Staff ML Engineer, ML Foundations","US-SF, US-NYC",https://stripe.com/jobs/search?gh_jid=7278350,zapply,Zapply-GitHub,2d ago,2.0,2025-11-05,90,True,Senior,Machine Learning & AI,fulltime,False,True,Senior position at Stripe in Machine Learning & AI. Posted 2d ago. Top-tier tech company. ,2025-11-07T10:09:56.857190
Stripe,"Staff Security Engineer, Privy","NYC-Privy, US-Remote",https://stripe.com/jobs/search?gh_jid=7104148,zapply,Zapply-GitHub,2d ago,2.0,2025-11-05,90,True,Senior,Security Engineering,fulltime,False,True,Senior position at Stripe in Security Engineering. Posted 2d ago. Top-tier tech company. ,2025-11-07T10:09:56.857199
Stripe,"Staff Security Engineer, Security Partnerships",Remote üè†,https://stripe.com/jobs/search?gh_jid=6892149,zapply,Zapply-GitHub,2d ago,2.0,2025-11-05,90,True,Senior,Security Engineering,fulltime,False,True,Senior position at Stripe in Security Engineering. Posted 2d ago. Top-tier tech company. ,2025-11-07T10:09:56.857209
Stripe,"Staff Software Engineer, Data Movement","Seattle, US Remote",https://stripe.com/jobs/search?gh_jid=6345510,zapply,Zapply-GitHub,2d ago,2.0,2025-11-05,90,True,Senior,Software Engineering,fulltime,False,True,Senior position at Stripe in Software Engineering. Posted 2d ago. Top-tier tech company. ,2025-11-07T10:09:56.857218
Stripe,"Technical Operations, Integration Reliability Engineer, Link","Seattle, San Francisco",https://stripe.com/jobs/search?gh_jid=7138269,zapply,Zapply-GitHub,2d ago,2.0,2025-11-05,90,True,Mid-Level,Software Engineering,fulltime,False,True,Mid-Level position at Stripe in Software Engineering. Posted 2d ago. Top-tier tech company. ,2025-11-07T10:09:56.857228
Stripe,Company,Role,https://github.com/zapplyjobs/New-Grad-Jobs,zapply,Zapply-GitHub,Location,,2025-11-07,50,False,Posted,Level,fulltime,False,True,Posted position at Stripe in Level. Posted Location. Top-tier tech company. ,2025-11-07T10:09:56.857238
Stripe,‚Çø **Coinbase**,Machine Learning Engineer Intern,https://github.com/zapplyjobs/New-Grad-Jobs,zapply,Zapply-GitHub,Hybrid - San Francisco,,2025-11-07,50,False,1w ago,Entry-Level,fulltime,False,True,1w ago position at Stripe in Entry-Level. Posted Hybrid - San Francisco. Top-tier tech company. ,2025-11-07T10:09:56.857248
Stripe,‚Çø **Coinbase**,"Senior Software Engineer, Backend (Developer - Stablecoin Ecosystem)",https://github.com/zapplyjobs/New-Grad-Jobs,zapply,Zapply-GitHub,"New York City, NY",,2025-11-07,50,False,1w ago,Senior,fulltime,False,True,"1w ago position at Stripe in Senior. Posted New York City, NY. Top-tier tech company. ",2025-11-07T10:09:56.857257
Stripe,‚Çø **Coinbase**,Software Engineer Intern,https://github.com/zapplyjobs/New-Grad-Jobs,zapply,Zapply-GitHub,"Hybrid - New York, NY; Hybrid - San Francisco",,2025-11-07,50,False,1w ago,Entry-Level,fulltime,False,True,"1w ago position at Stripe in Entry-Level. Posted Hybrid - New York, NY; Hybrid - San Francisco. Top-tier tech company. ",2025-11-07T10:09:56.857267
Stripe,Level,Count,https://github.com/zapplyjobs/New-Grad-Jobs,zapply,Zapply-GitHub,Percentage,,2025-11-07,50,False,Top Companies,Software Engineering,fulltime,False,True,Top Companies position at Stripe in Software Engineering. Posted Percentage. Top-tier tech company. ,2025-11-07T10:09:56.857283
Stripe,üü¢ Entry Level & New Grad,19,https://github.com/zapplyjobs/New-Grad-Jobs,zapply,Zapply-GitHub,8%,,2025-11-07,50,False,No or minimal experience,Software Engineering,fulltime,False,True,No or minimal experience position at Stripe in Software Engineering. Posted 8%. Top-tier tech company. ,2025-11-07T10:09:56.857292
Stripe,üü° Beginner & Early Career,77,https://github.com/zapplyjobs/New-Grad-Jobs,zapply,Zapply-GitHub,33%,,2025-11-07,50,False,1-2 years of experience,Software Engineering,fulltime,False,True,1-2 years of experience position at Stripe in Software Engineering. Posted 33%. Top-tier tech company. ,2025-11-07T10:09:56.857300
Stripe,üî¥ Manager,135,https://github.com/zapplyjobs/New-Grad-Jobs,zapply,Zapply-GitHub,58%,,2025-11-07,50,False,2+ years of experience,Software Engineering,fulltime,False,True,2+ years of experience position at Stripe in Software Engineering. Posted 58%. Top-tier tech company. ,2025-11-07T10:09:56.857308
